CODICE REGIONE,DENOMINAZIONE REGIONE,CODICE AZIENDA,DENOMINAZIONE AZIENDA,INDIRIZZO,CAP,COMUNE
180,Calabria,201,A.S.P. Cosenza,Viale Degli Alimena 8,87100,Cosenza
180,Calabria,201,A.S.P. Cosenza,Viale Degli Alimena 8,87100,Cosenza
180,Calabria,201,A.S.P. Cosenza,Viale Degli Alimena 8,87100,Cosenza
180,Calabria,201,A.S.P. Cosenza,Viale Degli Alimena 8,87100,Cosenza
180,Calabria,201,A.S.P. Cosenza,Viale Degli Alimena 8,87100,Cosenza
180,Calabria,201,A.S.P. Cosenza,Viale Degli Alimena 8,87100,Cosenza
160,Puglia,114,Asl Bari,Lungomare Starita 6,70123,Bari
160,Puglia,114,Asl Bari,Lungomare Starita 6,70123,Bari
160,Puglia,114,Asl Bari,Lungomare Starita 6,70123,Bari
160,Puglia,114,Asl Bari,Lungomare Starita 6,70123,Bari
160,Puglia,114,Asl Bari,Lungomare Starita 6,70123,Bari
160,Puglia,114,Asl Bari,Lungomare Starita 6,70123,Bari
160,Puglia,114,Asl Bari,Lungomare Starita 6,70123,Bari
160,Puglia,114,Asl Bari,Lungomare Starita 6,70123,Bari
160,Puglia,114,Asl Bari,Lungomare Starita 6,70123,Bari
160,Puglia,114,Asl Bari,Lungomare Starita 6,70123,Bari
160,Puglia,115,Asl Foggia,Piazza Libertà 1,71100,Foggia
160,Puglia,115,Asl Foggia,Piazza Libertà 1,71100,Foggia
160,Puglia,115,Asl Foggia,Piazza Libertà 1,71100,Foggia
160,Puglia,115,Asl Foggia,Piazza Libertà 1,71100,Foggia
160,Puglia,115,Asl Foggia,Piazza Libertà 1,71100,Foggia
160,Puglia,115,Asl Foggia,Piazza Libertà 1,71100,Foggia
160,Puglia,115,Asl Foggia,Piazza Libertà 1,71100,Foggia
160,Puglia,115,Asl Foggia,Piazza Libertà 1,71100,Foggia
160,Puglia,115,Asl Foggia,Piazza Libertà 1,71100,Foggia
160,Puglia,115,Asl Foggia,Piazza Libertà 1,71100,Foggia
160,Puglia,116,Asl Lecce,Via Miglietta 5,73100,Lecce
160,Puglia,116,Asl Lecce,Via Miglietta 5,73100,Lecce
160,Puglia,116,Asl Lecce,Via Miglietta 5,73100,Lecce
160,Puglia,116,Asl Lecce,Via Miglietta 5,73100,Lecce
160,Puglia,116,Asl Lecce,Via Miglietta 5,73100,Lecce
160,Puglia,116,Asl Lecce,Via Miglietta 5,73100,Lecce
160,Puglia,116,Asl Lecce,Via Miglietta 5,73100,Lecce
160,Puglia,116,Asl Lecce,Via Miglietta 5,73100,Lecce
160,Puglia,116,Asl Lecce,Via Miglietta 5,73100,Lecce
140,Molise,201,Asrem,Via Petrella 1,86100,Campobasso
140,Molise,201,Asrem,Via Petrella 1,86100,Campobasso
140,Molise,201,Asrem,Via Petrella 1,86100,Campobasso
140,Molise,201,Asrem,Via Petrella 1,86100,Campobasso
140,Molise,201,Asrem,Via Petrella 1,86100,Campobasso
140,Molise,201,Asrem,Via Petrella 1,86100,Campobasso
140,Molise,201,Asrem,Via Petrella 1,86100,Campobasso
140,Molise,201,Asrem,Via Petrella 1,86100,Campobasso
140,Molise,201,Asrem,Via Petrella 1,86100,Campobasso
140,Molise,201,Asrem,Via Petrella 1,86100,Campobasso
41,Prov. Auton. Bolzano,201,Azienda Sanitaria Della P.A. Di Bolzano,Via Cassa Di Risparmio 4,39100,Bolzano
41,Prov. Auton. Bolzano,201,Azienda Sanitaria Della P.A. Di Bolzano,Via Cassa Di Risparmio 4,39100,Bolzano
41,Prov. Auton. Bolzano,201,Azienda Sanitaria Della P.A. Di Bolzano,Via Cassa Di Risparmio 4,39100,Bolzano
41,Prov. Auton. Bolzano,201,Azienda Sanitaria Della P.A. Di Bolzano,Via Cassa Di Risparmio 4,39100,Bolzano
41,Prov. Auton. Bolzano,201,Azienda Sanitaria Della P.A. Di Bolzano,Via Cassa Di Risparmio 4,39100,Bolzano
41,Prov. Auton. Bolzano,201,Azienda Sanitaria Della P.A. Di Bolzano,Via Cassa Di Risparmio 4,39100,Bolzano
41,Prov. Auton. Bolzano,201,Azienda Sanitaria Della P.A. Di Bolzano,Via Cassa Di Risparmio 4,39100,Bolzano
130,Abruzzo,202,Lanciano-Vasto-Chieti,Via Martiri Lancianesi 19,66100,Chieti
130,Abruzzo,202,Lanciano-Vasto-Chieti,Via Martiri Lancianesi 19,66100,Chieti
130,Abruzzo,202,Lanciano-Vasto-Chieti,Chieti  Via Martiri Lancianesi 19,66100,Chieti
130,Abruzzo,202,Lanciano-Vasto-Chieti,Chieti  Via Martiri Lancianesi 19,66100,Chieti
130,Abruzzo,202,Lanciano-Vasto-Chieti,Chieti  Via Martiri Lancianesi 19,66100,Chieti
130,Abruzzo,202,Lanciano-Vasto-Chieti,Chieti  Via Martiri Lancianesi 19,66100,Chieti
130,Abruzzo,202,Lanciano-Vasto-Chieti,Chieti  Via Martiri Lancianesi 19,66100,Chieti
130,Abruzzo,202,Lanciano-Vasto-Chieti,Chieti  Via Martiri Lancianesi 19,66100,Chieti
130,Abruzzo,202,Lanciano-Vasto-Chieti,Chieti  Via Martiri Lancianesi 19,66100,Chieti
130,Abruzzo,202,Lanciano-Vasto-Chieti,Chieti  Via Martiri Lancianesi 19,66100,Chieti
150,Campania,201,A.S.L. Avellino,Via Degli Imbimbo 10/12,83100,Avellino
150,Campania,201,A.S.L. Avellino,Via Degli Imbimbo 10/12,83100,Avellino
150,Campania,201,A.S.L. Avellino,Via Degli Imbimbo 10/12,83100,Avellino
150,Campania,201,A.S.L. Avellino,Via Degli Imbimbo 10/12,83100,Avellino
150,Campania,201,A.S.L. Avellino,Via Degli Imbimbo 10/12,83100,Avellino
150,Campania,201,A.S.L. Avellino,Via Degli Imbimbo 10/12,83100,Avellino
150,Campania,201,A.S.L. Avellino,Via Degli Imbimbo 10/12,83100,Avellino
150,Campania,201,A.S.L. Avellino,Via Degli Imbimbo 10/12,83100,Avellino
150,Campania,201,A.S.L. Avellino,Via Degli Imbimbo 10/12,83100,Avellino
150,Campania,201,A.S.L. Avellino,Via Degli Imbimbo 10/12,83100,Avellino
150,Campania,201,A.S.L. Avellino,Via Degli Imbimbo 10/12,83100,Avellino
150,Campania,201,A.S.L. Avellino,Via Degli Imbimbo 10/12,83100,Avellino
150,Campania,202,A.S.L. Benevento,Via Oderisio 1,82100,Benevento
150,Campania,202,A.S.L. Benevento,Via Oderisio 1,82100,Benevento
150,Campania,202,A.S.L. Benevento,Via Oderisio 1,82100,Benevento
150,Campania,202,A.S.L. Benevento,Via Oderisio 1,82100,Benevento
150,Campania,202,A.S.L. Benevento,Via Oderisio 1,82100,Benevento
150,Campania,202,A.S.L. Benevento,Via Oderisio 1,82100,Benevento
150,Campania,202,A.S.L. Benevento,Via Oderisio 1,82100,Benevento
150,Campania,202,A.S.L. Benevento,Via Oderisio 1,82100,Benevento
150,Campania,202,A.S.L. Benevento,Via Oderisio 1,82100,Benevento
150,Campania,202,A.S.L. Benevento,Via Oderisio 1,82100,Benevento
150,Campania,202,A.S.L. Benevento,Via Oderisio 1,82100,Benevento
150,Campania,202,A.S.L. Benevento,Via Oderisio 1,82100,Benevento
150,Campania,203,A.S.L. Caserta,Via Unita' Italiana 28,81100,Caserta
150,Campania,203,A.S.L. Caserta,Via Unita' Italiana 28,81100,Caserta
150,Campania,203,A.S.L. Caserta,Via Unita' Italiana 28,81100,Caserta
150,Campania,203,A.S.L. Caserta,Via Unita' Italiana 28,81100,Caserta
150,Campania,203,A.S.L. Caserta,Via Unita' Italiana 28,81100,Caserta
150,Campania,203,A.S.L. Caserta,Via Unita' Italiana 28,81100,Caserta
150,Campania,203,A.S.L. Caserta,Via Unita' Italiana 28,81100,Caserta
150,Campania,203,A.S.L. Caserta,Via Unita' Italiana 28,81100,Caserta
150,Campania,203,A.S.L. Caserta,Via Unita' Italiana 28,81100,Caserta
150,Campania,203,A.S.L. Caserta,Via Unita' Italiana 28,81100,Caserta
150,Campania,203,A.S.L. Caserta,Via Unita' Italiana 28,81100,Caserta
150,Campania,203,A.S.L. Caserta,Via Unita' Italiana 28,81100,Caserta
30,Lombardia,301,A.S.L. Della Provincia Di Bergamo,Via Gallicciolli 4,24121,Bergamo
30,Lombardia,301,A.S.L. Della Provincia Di Bergamo,Via Gallicciolli 4,24121,Bergamo
30,Lombardia,301,A.S.L. Della Provincia Di Bergamo,Via Gallicciolli 4,24121,Bergamo
30,Lombardia,301,A.S.L. Della Provincia Di Bergamo,Via Gallicciolli 4,24121,Bergamo
30,Lombardia,301,A.S.L. Della Provincia Di Bergamo,Via Gallicciolli 4,24121,Bergamo
30,Lombardia,301,A.S.L. Della Provincia Di Bergamo,Via Gallicciolli 4,24121,Bergamo
30,Lombardia,302,A.S.L. Della Provincia Di Brescia,V.Le Duca Degli Abruzzi 15,25124,Brescia
30,Lombardia,302,A.S.L. Della Provincia Di Brescia,V.Le Duca Degli Abruzzi 15,25124,Brescia
30,Lombardia,302,A.S.L. Della Provincia Di Brescia,V.Le Duca Degli Abruzzi 15,25124,Brescia
30,Lombardia,302,A.S.L. Della Provincia Di Brescia,V.Le Duca Degli Abruzzi 15,25124,Brescia
30,Lombardia,302,A.S.L. Della Provincia Di Brescia,V.Le Duca Degli Abruzzi 15,25124,Brescia
30,Lombardia,302,A.S.L. Della Provincia Di Brescia,V.Le Duca Degli Abruzzi 15,25124,Brescia
30,Lombardia,303,A.S.L. Della Provincia Di Como,Via Pessina 6,22100,Como
30,Lombardia,303,A.S.L. Della Provincia Di Como,Via Pessina 6,22100,Como
30,Lombardia,303,A.S.L. Della Provincia Di Como,Via Pessina 6,22100,Como
30,Lombardia,303,A.S.L. Della Provincia Di Como,Via Pessina 6,22100,Como
30,Lombardia,303,A.S.L. Della Provincia Di Como,Via Pessina 6,22100,Como
30,Lombardia,303,A.S.L. Della Provincia Di Como,Via Pessina 6,22100,Como
30,Lombardia,304,A.S.L. Della Provincia Di Cremona,Via S. Sebastiano 14,26100,Cremona
30,Lombardia,304,A.S.L. Della Provincia Di Cremona,Via S. Sebastiano 14,26100,Cremona
30,Lombardia,304,A.S.L. Della Provincia Di Cremona,Via S. Sebastiano 14,26100,Cremona
30,Lombardia,304,A.S.L. Della Provincia Di Cremona,Via S. Sebastiano 14,26100,Cremona
30,Lombardia,304,A.S.L. Della Provincia Di Cremona,Via S. Sebastiano 14,26100,Cremona
30,Lombardia,304,A.S.L. Della Provincia Di Cremona,Via S. Sebastiano 14,26100,Cremona
30,Lombardia,305,A.S.L. Della Provincia Di Lecco,C.So Carlo Alberto 120,23900,Lecco
30,Lombardia,305,A.S.L. Della Provincia Di Lecco,C.So Carlo Alberto 120,23900,Lecco
30,Lombardia,305,A.S.L. Della Provincia Di Lecco,C.So Carlo Alberto 120,23900,Lecco
30,Lombardia,305,A.S.L. Della Provincia Di Lecco,C.So Carlo Alberto 120,23900,Lecco
30,Lombardia,305,A.S.L. Della Provincia Di Lecco,C.So Carlo Alberto 120,23900,Lecco
30,Lombardia,305,A.S.L. Della Provincia Di Lecco,C.So Carlo Alberto 120,23900,Lecco
30,Lombardia,306,A.S.L. Della Provincia Di Lodi,P.Zza Ospedale 1,26900,Lodi
30,Lombardia,306,A.S.L. Della Provincia Di Lodi,P.Zza Ospedale 1,26900,Lodi
30,Lombardia,306,A.S.L. Della Provincia Di Lodi,P.Zza Ospitale 10,26900,Lodi
30,Lombardia,306,A.S.L. Della Provincia Di Lodi,P.Zza Ospitale 10,26900,Lodi
30,Lombardia,306,A.S.L. Della Provincia Di Lodi,P.Zza Ospitale 10,26900,Lodi
30,Lombardia,306,A.S.L. Della Provincia Di Lodi,P.Zza Ospitale 10,26900,Lodi
30,Lombardia,307,A.S.L. Della Provincia Di Mantova,Via Dei Toscani 1,46100,Mantova
30,Lombardia,307,A.S.L. Della Provincia Di Mantova,Via Dei Toscani 1,46100,Mantova
30,Lombardia,307,A.S.L. Della Provincia Di Mantova,Via Dei Toscani 1,46100,Mantova
30,Lombardia,307,A.S.L. Della Provincia Di Mantova,Via Dei Toscani 1,46100,Mantova
30,Lombardia,307,A.S.L. Della Provincia Di Mantova,Via Dei Toscani 1,46100,Mantova
30,Lombardia,307,A.S.L. Della Provincia Di Mantova,Via Dei Toscani 1,46100,Mantova
30,Lombardia,309,A.S.L. Della Provincia Di Milano 1,Via Savonarola 3,20025,Legnano
30,Lombardia,309,A.S.L. Della Provincia Di Milano 1,Via Savonarola 3,20025,Legnano
30,Lombardia,309,A.S.L. Della Provincia Di Milano 1,Via Savonarola 3,20025,Legnano
30,Lombardia,309,A.S.L. Della Provincia Di Milano 1,Via Savonarola 3,20025,Legnano
30,Lombardia,309,A.S.L. Della Provincia Di Milano 1,Via Savonarola 3,20025,Legnano
30,Lombardia,309,A.S.L. Della Provincia Di Milano 1,Via Savonarola 3,20025,Legnano
30,Lombardia,310,A.S.L. Della Provincia Di Milano 2,Via Viii Giugno 69,20077,Melegnano
30,Lombardia,310,A.S.L. Della Provincia Di Milano 2,Via Viii Giugno 69,20077,Melegnano
30,Lombardia,310,A.S.L. Della Provincia Di Milano 2,Via Viii Giugno 69,20077,Melegnano
30,Lombardia,310,A.S.L. Della Provincia Di Milano 2,Via Viii Giugno 69,20077,Melegnano
30,Lombardia,310,A.S.L. Della Provincia Di Milano 2,Via Viii Giugno 69,20077,Melegnano
30,Lombardia,310,A.S.L. Della Provincia Di Milano 2,Via Viii Giugno 69,20077,Melegnano
30,Lombardia,312,A.S.L. Della Provincia Di Pavia,Viale Indipendenza 3,27100,Pavia
30,Lombardia,312,A.S.L. Della Provincia Di Pavia,Viale Indipendenza 3,27100,Pavia
30,Lombardia,312,A.S.L. Della Provincia Di Pavia,Viale Indipendenza 3,27100,Pavia
30,Lombardia,312,A.S.L. Della Provincia Di Pavia,Viale Indipendenza 3,27100,Pavia
30,Lombardia,312,A.S.L. Della Provincia Di Pavia,Viale Indipendenza 3,27100,Pavia
30,Lombardia,312,A.S.L. Della Provincia Di Pavia,Viale Indipendenza 3,27100,Pavia
30,Lombardia,313,A.S.L. Della Provincia Di Sondrio,Via Nazario Sauro 33,23100,Sondrio
30,Lombardia,313,A.S.L. Della Provincia Di Sondrio,Via Nazario Sauro 33,23100,Sondrio
30,Lombardia,313,A.S.L. Della Provincia Di Sondrio,Via Nazario Sauro 38,23100,Sondrio
30,Lombardia,313,A.S.L. Della Provincia Di Sondrio,Via Nazario Sauro 38,23100,Sondrio
30,Lombardia,313,A.S.L. Della Provincia Di Sondrio,Via Nazario Sauro 38,23100,Sondrio
30,Lombardia,313,A.S.L. Della Provincia Di Sondrio,Via Nazario Sauro 38,23100,Sondrio
30,Lombardia,314,A.S.L. Della Provincia Di Varese,Via Ottorino Rossi 9,21100,Varese
30,Lombardia,314,A.S.L. Della Provincia Di Varese,Via Ottorino Rossi 9,21100,Varese
30,Lombardia,314,A.S.L. Della Provincia Di Varese,Via Ottorino Rossi 9,21100,Varese
30,Lombardia,314,A.S.L. Della Provincia Di Varese,Via Ottorino Rossi 9,21100,Varese
30,Lombardia,314,A.S.L. Della Provincia Di Varese,Via Ottorino Rossi 9,21100,Varese
30,Lombardia,314,A.S.L. Della Provincia Di Varese,Via Ottorino Rossi 9,21100,Varese
30,Lombardia,308,A.S.L. Di Milano,C.So Italia 19,20122,Milano
30,Lombardia,308,A.S.L. Di Milano,C.So Italia 19,20122,Milano
30,Lombardia,308,A.S.L. Di Milano,C.So Italia 19,20122,Milano
30,Lombardia,308,A.S.L. Di Milano,C.So Italia 19,20122,Milano
30,Lombardia,308,A.S.L. Di Milano,C.So Italia 19,20122,Milano
30,Lombardia,308,A.S.L. Di Milano,C.So Italia 19,20122,Milano
30,Lombardia,315,A.S.L. Di Vallecamonica-Sebino,Via Nissolina 2,25043,Breno
30,Lombardia,315,A.S.L. Di Vallecamonica-Sebino,Via Nissolina 2,25043,Breno
30,Lombardia,315,A.S.L. Di Vallecamonica-Sebino,Via Nissolina 2,25043,Breno
30,Lombardia,315,A.S.L. Di Vallecamonica-Sebino,Via Nissolina 2,25043,Breno
30,Lombardia,315,A.S.L. Di Vallecamonica-Sebino,Via Nissolina 2,25043,Breno
30,Lombardia,315,A.S.L. Di Vallecamonica-Sebino,Via Nissolina 2,25043,Breno
150,Campania,204,A.S.L. Napoli 1 Centro,Centro Direzionale Is. F/9,80143,Napoli
150,Campania,204,A.S.L. Napoli 1 Centro,Centro Direzionale Is. F/9,80143,Napoli
150,Campania,204,A.S.L. Napoli 1 Centro,Centro Direzionale Is. F/9,80143,Napoli
150,Campania,204,A.S.L. Napoli 1 Centro,Via Comunale Del Principe 13/A,80145,Napoli
150,Campania,204,A.S.L. Napoli 1 Centro,Via Comunale Del Principe 13/A,80145,Napoli
150,Campania,204,A.S.L. Napoli 1 Centro,Via Comunale Del Principe 13/A,80145,Napoli
150,Campania,204,A.S.L. Napoli 1 Centro,Via Comunale Del Principe 13/A,80145,Napoli
150,Campania,204,A.S.L. Napoli 1 Centro,Via Comunale Del Principe 13/A,80145,Napoli
150,Campania,204,A.S.L. Napoli 1 Centro,Via Comunale Del Principe 13/A,80145,Napoli
150,Campania,204,A.S.L. Napoli 1 Centro,Via Comunale Del Principe 13/A,80145,Napoli
150,Campania,204,A.S.L. Napoli 1 Centro,Via Comunale Del Principe 13/A,80145,Napoli
150,Campania,204,A.S.L. Napoli 1 Centro,Via Comunale Del Principe 13/A,80145,Napoli
150,Campania,205,A.S.L. Napoli 2 Nord,Via Corrado Alvaro 8,80078,Pozzuoli
150,Campania,205,A.S.L. Napoli 2 Nord,Via Corrado Alvaro 8,80078,Pozzuoli
150,Campania,205,A.S.L. Napoli 2 Nord,Via Corrado Alvaro 8,80078,Pozzuoli
150,Campania,205,A.S.L. Napoli 2 Nord,Via Corrado Alvaro 8,80078,Pozzuoli
150,Campania,205,A.S.L. Napoli 2 Nord,Via Corrado Alvaro 8,80078,Pozzuoli
150,Campania,205,A.S.L. Napoli 2 Nord,Via Corrado Alvaro 8,80078,Pozzuoli
150,Campania,205,A.S.L. Napoli 2 Nord,Via Corrado Alvaro 8,80078,Pozzuoli
150,Campania,205,A.S.L. Napoli 2 Nord,Via Corrado Alvaro 8,80078,Pozzuoli
150,Campania,205,A.S.L. Napoli 2 Nord,Via Corrado Alvaro 8,80078,Pozzuoli
150,Campania,205,A.S.L. Napoli 2 Nord,Via Corrado Alvaro 8,80078,Pozzuoli
150,Campania,205,A.S.L. Napoli 2 Nord,Via Corrado Alvaro 8,80078,Pozzuoli
150,Campania,205,A.S.L. Napoli 2 Nord,Via Corrado Alvaro 8,80078,Pozzuoli
150,Campania,206,A.S.L. Napoli 3 Sud,C.So Alcide De Gasperi 167,80053,Castellammare Di Stabia
150,Campania,206,A.S.L. Napoli 3 Sud,C.So Alcide De Gasperi 167,80053,Castellammare Di Stabia
150,Campania,206,A.S.L. Napoli 3 Sud,C.So Alcide De Gasperi 167,80053,Castellammare Di Stabia
150,Campania,206,A.S.L. Napoli 3 Sud,C.So Alcide De Gasperi 167,80053,Castellammare Di Stabia
150,Campania,206,A.S.L. Napoli 3 Sud,C.So Alcide De Gasperi 167,80053,Castellammare Di Stabia
150,Campania,206,A.S.L. Napoli 3 Sud,C.So Alcide De Gasperi 167,80053,Castellammare Di Stabia
150,Campania,206,A.S.L. Napoli 3 Sud,C.So Alcide De Gasperi 167,80053,Castellammare Di Stabia
150,Campania,206,A.S.L. Napoli 3 Sud,C.So Alcide De Gasperi 167,80053,Castellammare Di Stabia
150,Campania,206,A.S.L. Napoli 3 Sud,C.So Alcide De Gasperi 167,80053,Castellammare Di Stabia
150,Campania,206,A.S.L. Napoli 3 Sud,C.So Alcide De Gasperi 167,80053,Castellammare Di Stabia
150,Campania,206,A.S.L. Napoli 3 Sud,C.So Alcide De Gasperi 167,80053,Castellammare Di Stabia
150,Campania,206,A.S.L. Napoli 3 Sud,C.So Alcide De Gasperi 167,80053,Castellammare Di Stabia
30,Lombardia,311,A.S.L. Provincia Di Monza E Brianza,Viale Elvezia 2,20052,Monza
30,Lombardia,311,A.S.L. Provincia Di Monza E Brianza,Viale Elvezia 2,20052,Monza
30,Lombardia,311,A.S.L. Provincia Di Monza E Brianza,Viale Elvezia 2,20900,Monza
30,Lombardia,311,A.S.L. Provincia Di Monza E Brianza,Viale Elvezia 2,20900,Monza
30,Lombardia,311,A.S.L. Provincia Di Monza E Brianza,Viale Elvezia 2,20900,Monza
30,Lombardia,311,A.S.L. Provincia Di Monza E Brianza,Viale Elvezia 2,20900,Monza
150,Campania,207,A.S.L. Salerno,Via Nizza 146,84124,Salerno
150,Campania,207,A.S.L. Salerno,Via Nizza 146,84124,Salerno
150,Campania,207,A.S.L. Salerno,Via Nizza 146,84124,Salerno
150,Campania,207,A.S.L. Salerno,Via Nizza 146,84124,Salerno
150,Campania,207,A.S.L. Salerno,Via Nizza 146,84124,Salerno
150,Campania,207,A.S.L. Salerno,Via Nizza 146,84124,Salerno
150,Campania,207,A.S.L. Salerno,Via Nizza 146,84124,Salerno
150,Campania,207,A.S.L. Salerno,Via Nizza 146,84124,Salerno
150,Campania,207,A.S.L. Salerno,Via Nizza 146,84124,Salerno
150,Campania,207,A.S.L. Salerno,Via Nizza 146,84124,Salerno
150,Campania,207,A.S.L. Salerno,Via Nizza 146,84124,Salerno
150,Campania,207,A.S.L. Salerno,Via Nizza 146,84124,Salerno
180,Calabria,203,A.S.P. Catanzaro,Via Vinicio Cortese 25,88100,Catanzaro
180,Calabria,203,A.S.P. Catanzaro,Via Vinicio Cortese 25,88100,Catanzaro
180,Calabria,203,A.S.P. Catanzaro,Via Vinicio Cortese 25,88100,Catanzaro
180,Calabria,203,A.S.P. Catanzaro,Via Vinicio Cortese 25,88100,Catanzaro
180,Calabria,203,A.S.P. Catanzaro,Via Vinicio Cortese 25,88100,Catanzaro
180,Calabria,203,A.S.P. Catanzaro,Via Vinicio Cortese 25,88100,Catanzaro
180,Calabria,203,A.S.P. Catanzaro,Via Vinicio Cortese 25,88100,Catanzaro
180,Calabria,203,A.S.P. Catanzaro,Via Vinicio Cortese 25,88100,Catanzaro
180,Calabria,203,A.S.P. Catanzaro,Via Vinicio Cortese 25,88100,Catanzaro
180,Calabria,203,A.S.P. Catanzaro,Via Vinicio Cortese 25,88100,Catanzaro
180,Calabria,203,A.S.P. Catanzaro,Via Vinicio Cortese 25,88100,Catanzaro
180,Calabria,203,A.S.P. Catanzaro,Via Vinicio Cortese 25,88100,Catanzaro
180,Calabria,201,A.S.P. Cosenza,Viale Degli Alimena 8,87100,Cosenza
180,Calabria,201,A.S.P. Cosenza,Viale Degli Alimena 8,87100,Cosenza
180,Calabria,201,A.S.P. Cosenza,Viale Degli Alimena 8,87100,Cosenza
180,Calabria,201,A.S.P. Cosenza,Viale Degli Alimena 8,87100,Cosenza
180,Calabria,201,A.S.P. Cosenza,Viale Degli Alimena 8,87100,Cosenza
180,Calabria,201,A.S.P. Cosenza,Viale Degli Alimena 8,87100,Cosenza
180,Calabria,202,A.S.P. Crotone,Via Corigliano 1,88900,Crotone
180,Calabria,202,A.S.P. Crotone,Via Corigliano 1,88900,Crotone
180,Calabria,202,A.S.P. Crotone,Via Corigliano 1,88900,Crotone
180,Calabria,202,A.S.P. Crotone,Via Corigliano 1,88900,Crotone
180,Calabria,202,A.S.P. Crotone,Via Corigliano 1,88900,Crotone
180,Calabria,202,A.S.P. Crotone,Via Corigliano 1,88900,Crotone
180,Calabria,202,A.S.P. Crotone,Via Corigliano 1,88900,Crotone
180,Calabria,202,A.S.P. Crotone,Via Corigliano 1,88900,Crotone
180,Calabria,202,A.S.P. Crotone,Via Corigliano 1,88900,Crotone
180,Calabria,202,A.S.P. Crotone,Via Corigliano 1,88900,Crotone
180,Calabria,202,A.S.P. Crotone,Via Corigliano 1,88900,Crotone
180,Calabria,202,A.S.P. Crotone,Via Corigliano 1,88900,Crotone
180,Calabria,205,A.S.P. Reggio Calabria,Via Sant'Anna Ii Tronco 18/P,89128,Reggio Di Calabria
180,Calabria,205,A.S.P. Reggio Calabria,Via Sant'Anna Ii Tronco 18/P,89128,Reggio Di Calabria
180,Calabria,205,A.S.P. Reggio Calabria,Via Sant'Anna Ii Tronco 18/P,89128,Reggio Di Calabria
180,Calabria,205,A.S.P. Reggio Calabria,Via Sant'Anna Ii Tronco 18/P,89128,Reggio Di Calabria
180,Calabria,205,A.S.P. Reggio Calabria,Via Sant'Anna Ii Tronco 18/P,89128,Reggio Di Calabria
180,Calabria,205,A.S.P. Reggio Calabria,Via Sant'Anna Ii Tronco 18/P,89128,Reggio Di Calabria
180,Calabria,205,A.S.P. Reggio Calabria,Via Sant'Anna Ii Tronco 18/P,89128,Reggio Di Calabria
180,Calabria,205,A.S.P. Reggio Calabria,Via Sant'Anna Ii Tronco 18/P,89128,Reggio Di Calabria
180,Calabria,205,A.S.P. Reggio Calabria,Via Sant'Anna Ii Tronco 18/P,89128,Reggio Di Calabria
180,Calabria,205,A.S.P. Reggio Calabria,Via Sant'Anna Ii Tronco 18/P,89128,Reggio Di Calabria
180,Calabria,205,A.S.P. Reggio Calabria,Via Sant'Anna Ii Tronco 18/P,89128,Reggio Di Calabria
180,Calabria,205,A.S.P. Reggio Calabria,Via Sant'Anna Ii Tronco 18/P,89128,Reggio Di Calabria
180,Calabria,204,A.S.P. Vibo Valentia,Via Dante Alighieri 1,89900,Vibo Valentia
180,Calabria,204,A.S.P. Vibo Valentia,Via Dante Alighieri 1,89900,Vibo Valentia
180,Calabria,204,A.S.P. Vibo Valentia,Via Dante Alighieri 1,89900,Vibo Valentia
180,Calabria,204,A.S.P. Vibo Valentia,Via Dante Alighieri 1,89900,Vibo Valentia
180,Calabria,204,A.S.P. Vibo Valentia,Via Dante Alighieri 1,89900,Vibo Valentia
180,Calabria,204,A.S.P. Vibo Valentia,Via Dante Alighieri 1,89900,Vibo Valentia
180,Calabria,204,A.S.P. Vibo Valentia,Via Dante Alighieri 1,89900,Vibo Valentia
180,Calabria,204,A.S.P. Vibo Valentia,Via Dante Alighieri 1,89900,Vibo Valentia
180,Calabria,204,A.S.P. Vibo Valentia,Via Dante Alighieri 1,89900,Vibo Valentia
180,Calabria,204,A.S.P. Vibo Valentia,Via Dante Alighieri 1,89900,Vibo Valentia
180,Calabria,204,A.S.P. Vibo Valentia,Via Dante Alighieri 1,89900,Vibo Valentia
180,Calabria,204,A.S.P. Vibo Valentia,Via Dante Alighieri 1,89900,Vibo Valentia
50,Veneto,119,Adria,Piazza Degli Etruschi 9,45011,Adria
50,Veneto,119,Adria,Piazza Degli Etruschi 9,45011,Adria
50,Veneto,119,Adria,Piazza Degli Etruschi 9,45011,Adria
50,Veneto,119,Adria,Piazza Degli Etruschi 9,45011,Adria
50,Veneto,119,Adria,Piazza Degli Etruschi 9,45011,Adria
50,Veneto,119,Adria,Piazza Degli Etruschi 9,45011,Adria
50,Veneto,119,Adria,Piazza Degli Etruschi 9,45011,Adria
60,Friuli Venezia Giulia,103,Alto Friuli,"P.Za Portuzza, 1",33013,Gemona Del Friuli
60,Friuli Venezia Giulia,103,Alto Friuli,P.Za Portuzza 2,33013,Gemona Del Friuli
60,Friuli Venezia Giulia,103,Alto Friuli,P.Za Portuzza 2,33013,Gemona Del Friuli
60,Friuli Venezia Giulia,103,Alto Friuli,P.Za Portuzza 2,33013,Gemona Del Friuli
60,Friuli Venezia Giulia,103,Alto Friuli,P.Za Portuzza 2,33013,Gemona Del Friuli
60,Friuli Venezia Giulia,203,Alto Friuli - Collinare - Medio Friuli,P.Za Portuzza 2,33013,Gemona Del Friuli
60,Friuli Venezia Giulia,203,Alto Friuli - Collinare - Medio Friuli,P.Za Portuzza 2,33013,Gemona Del Friuli
60,Friuli Venezia Giulia,203,Alto Friuli - Collinare - Medio Friuli,P.Za Portuzza 2,33013,Gemona Del Friuli
60,Friuli Venezia Giulia,203,Alto Friuli - Collinare - Medio Friuli,P.Za Portuzza 2,33013,Gemona Del Friuli
60,Friuli Venezia Giulia,203,Alto Friuli - Collinare - Medio Friuli,P.Za Portuzza 2,33013,Gemona Del Friuli
20,Valle D'Aosta,101,Aosta,Via Guido Rey 1,11100,Aosta
20,Valle D'Aosta,101,Aosta,Via Guido Rey 1,11100,Aosta
20,Valle D'Aosta,101,Aosta,Via Guido Rey 1,11100,Aosta
20,Valle D'Aosta,101,Aosta,Via Guido Rey 1,11100,Aosta
90,Toscana,108,Arezzo,Via Fonte Veneziana 8,52100,Arezzo
90,Toscana,108,Arezzo,Via Curtatone 54,52100,Arezzo
90,Toscana,108,Arezzo,Via Curtatone 54,52100,Arezzo
90,Toscana,108,Arezzo,Via Curtatone 54,52100,Arezzo
90,Toscana,108,Arezzo,Via Curtatone 54,52100,Arezzo
90,Toscana,108,Arezzo,Via Curtatone 54,52100,Arezzo
50,Veneto,105,Arzignano,Via Trento  4,36071,Arzignano
50,Veneto,105,Arzignano,Via Trento  4,36071,Arzignano
50,Veneto,105,Arzignano,Via Trento 4,36071,Arzignano
50,Veneto,105,Arzignano,Via Trento 4,36071,Arzignano
50,Veneto,105,Arzignano,Via Trento 4,36071,Arzignano
50,Veneto,105,Arzignano,Via Trento 4,36071,Arzignano
50,Veneto,105,Arzignano,Via Trento 4,36071,Arzignano
60,Friuli Venezia Giulia,205,As Friuli Occidentale,Via Della Vecchia Ceramica 1,33170,Pordenone
60,Friuli Venezia Giulia,205,As Friuli Occidentale,Via Della Vecchia Ceramica 1,33170,Pordenone
100,Umbria,101,Asl 1 - Citta' Di Castello,Via Luigi Angelini 10,6012,Citta' Di Castello
100,Umbria,101,Asl 1 - Citta' Di Castello,Via Luigi Angelini 10,6012,Citta' Di Castello
100,Umbria,103,Asl 3 - Foligno,Piazza Giacomini 40,6034,Foligno
100,Umbria,103,Asl 3 - Foligno,Piazza Giacomini 40,6034,Foligno
100,Umbria,204,Asl 4 - Terni,Via Bramante 37,5100,Terni
100,Umbria,204,Asl 4 - Terni,Via Bramante 37,5100,Terni
160,Puglia,114,Asl Ba,Lungomare Starita 6,70123,Bari
160,Puglia,114,Asl Ba,Lungomare Starita 6,70123,Bari
160,Puglia,113,Asl Bat,Via Fornaci 201,70031,Andria
160,Puglia,106,Asl Br,Via Dalmazia 13,72100,Brindisi
160,Puglia,106,Asl Br,Via Napoli 8,72100,Brindisi
160,Puglia,106,Asl Br,Via Napoli 8,72100,Brindisi
160,Puglia,106,Asl Br,Via Napoli 8,72100,Brindisi
160,Puglia,106,Asl Br,Via Napoli 8,72100,Brindisi
160,Puglia,106,Asl Br,Via Napoli 8,72100,Brindisi
160,Puglia,106,Asl Br,Via Napoli 8,72100,Brindisi
160,Puglia,106,Asl Br,Via Napoli 8,72100,Brindisi
160,Puglia,106,Asl Br,Via Napoli 8,72100,Brindisi
160,Puglia,106,Asl Br,Via Napoli 8,72100,Brindisi
160,Puglia,106,Asl Br,Via Napoli 8,72100,Brindisi
160,Puglia,106,Asl Br,Via Napoli 8,72100,Brindisi
160,Puglia,113,Asl Bt,Via Fornaci 201,70031,Andria
160,Puglia,113,Asl Bt,Via Fornaci 201,70031,Andria
160,Puglia,113,Asl Bt,Via Fornaci 201,70031,Andria
160,Puglia,113,Asl Bt,Via Fornaci 201,70031,Andria
160,Puglia,113,Asl Bt,Via Fornaci 201,70031,Andria
160,Puglia,113,Asl Bt,Via Fornaci 201,70031,Andria
160,Puglia,113,Asl Bt,Via Fornaci 201,70031,Andria
160,Puglia,113,Asl Bt,Via Fornaci 201,70031,Andria
160,Puglia,113,Asl Bt,Via Fornaci 201,70031,Andria
160,Puglia,113,Asl Bt,Via Fornaci 201,70031,Andria
160,Puglia,113,Asl Bt,Via Fornaci 201,70031,Andria
10,Piemonte,301,Asl Citta' Di Torino,Corso Svizzera 164,10149,Torino
10,Piemonte,301,Asl Citta' Di Torino,Via San Secondo  29,10128,Torino
10,Piemonte,301,Asl Citta' Di Torino,Via San Secondo  29,10128,Torino
10,Piemonte,301,Asl Citta' Di Torino,Via San Secondo  29,10128,Torino
10,Piemonte,301,Asl Citta' Di Torino,Via San Secondo  29,10128,Torino
160,Puglia,115,Asl Fg,Piazza Libertà 1,71100,Foggia
160,Puglia,115,Asl Fg,Piazza Libertà 1,71100,Foggia
160,Puglia,116,Asl Le,Via Miglietta 5,73100,Lecce
160,Puglia,116,Asl Le,Via Miglietta 5,73100,Lecce
160,Puglia,116,Asl Le,Via Miglietta 5,73100,Lecce
160,Puglia,112,Asl Ta,Viale Virgilio 31,74100,Taranto
160,Puglia,112,Asl Ta,Viale Virgilio 31,74100,Taranto
160,Puglia,112,Asl Ta,Viale Virgilio 31,74100,Taranto
160,Puglia,112,Asl Ta,Viale Virgilio 31,74100,Taranto
160,Puglia,112,Asl Ta,Viale Virgilio 31,74100,Taranto
160,Puglia,112,Asl Ta,Viale Virgilio 31,74100,Taranto
160,Puglia,112,Asl Ta,Viale Virgilio 31,74100,Taranto
160,Puglia,112,Asl Ta,Viale Virgilio 31,74100,Taranto
160,Puglia,112,Asl Ta,Viale Virgilio 31,74100,Taranto
160,Puglia,112,Asl Ta,Viale Virgilio 31,74100,Taranto
160,Puglia,112,Asl Ta,Viale Virgilio 31,74100,Taranto
160,Puglia,112,Asl Ta,Viale Virgilio 31,74100,Taranto
50,Veneto,108,Asolo,Via Forestuzzo  41,31011,Asolo
50,Veneto,108,Asolo,Via Forestuzzo  41,31011,Asolo
50,Veneto,108,Asolo,Via Forestuzzo 41,31011,Asolo
50,Veneto,108,Asolo,Via Forestuzzo 41,31011,Asolo
50,Veneto,108,Asolo,Via Forestuzzo 41,31011,Asolo
50,Veneto,108,Asolo,Via Forestuzzo 41,31011,Asolo
50,Veneto,108,Asolo,Via Forestuzzo 41,31011,Asolo
190,Sicilia,201,Asp Agrigento,Via Manzoni  140,92100,Agrigento
190,Sicilia,201,Asp Agrigento,Via Manzoni  140,92100,Agrigento
190,Sicilia,201,Asp Agrigento,Via Manzoni  140,92100,Agrigento
190,Sicilia,201,Asp Agrigento,Via Manzoni  140,92100,Agrigento
190,Sicilia,201,Asp Agrigento,Via Manzoni  140,92100,Agrigento
190,Sicilia,201,Asp Agrigento,Via Manzoni  140,92100,Agrigento
190,Sicilia,201,Asp Agrigento,Via Manzoni  140,92100,Agrigento
190,Sicilia,201,Asp Agrigento,Via Manzoni  140,92100,Agrigento
190,Sicilia,201,Asp Agrigento,Via Manzoni  140,92100,Agrigento
190,Sicilia,201,Asp Agrigento,Via Manzoni  140,92100,Agrigento
190,Sicilia,201,Asp Agrigento,Via Manzoni  140,92100,Agrigento
190,Sicilia,201,Asp Agrigento,Via Manzoni  140,92100,Agrigento
190,Sicilia,202,Asp Caltanissetta,Via Cusmano 10,93100,Caltanissetta
190,Sicilia,202,Asp Caltanissetta,Via Cusmano 10,93100,Caltanissetta
190,Sicilia,202,Asp Caltanissetta,Via Cusmano 10,93100,Caltanissetta
190,Sicilia,202,Asp Caltanissetta,Via Cusmano 10,93100,Caltanissetta
190,Sicilia,202,Asp Caltanissetta,Via Cusmano 10,93100,Caltanissetta
190,Sicilia,202,Asp Caltanissetta,Via Cusmano 10,93100,Caltanissetta
190,Sicilia,202,Asp Caltanissetta,Via Cusmano 10,93100,Caltanissetta
190,Sicilia,202,Asp Caltanissetta,Via Cusmano 10,93100,Caltanissetta
190,Sicilia,202,Asp Caltanissetta,Via Cusmano 10,93100,Caltanissetta
190,Sicilia,202,Asp Caltanissetta,Via Cusmano 10,93100,Caltanissetta
190,Sicilia,202,Asp Caltanissetta,Via Cusmano 10,93100,Caltanissetta
190,Sicilia,202,Asp Caltanissetta,Via Cusmano 10,93100,Caltanissetta
190,Sicilia,203,Asp Catania,Via S. Maria La Grande 5,95124,Catania
190,Sicilia,203,Asp Catania,Via S. Maria La Grande 5,95124,Catania
190,Sicilia,203,Asp Catania,Via S. Maria La Grande 5,95124,Catania
190,Sicilia,203,Asp Catania,Via S. Maria La Grande 5,95124,Catania
190,Sicilia,203,Asp Catania,Via S. Maria La Grande 5,95124,Catania
190,Sicilia,203,Asp Catania,Via S. Maria La Grande 5,95124,Catania
190,Sicilia,203,Asp Catania,Via S. Maria La Grande 5,95124,Catania
190,Sicilia,203,Asp Catania,Via S. Maria La Grande 5,95124,Catania
190,Sicilia,203,Asp Catania,Via S. Maria La Grande 5,95124,Catania
190,Sicilia,203,Asp Catania,Via S. Maria La Grande 5,95124,Catania
190,Sicilia,203,Asp Catania,Via S. Maria La Grande 5,95124,Catania
190,Sicilia,203,Asp Catania,Via S. Maria La Grande 5,95124,Catania
190,Sicilia,209,Asp Di Trapani,Via Mazzini 1,91100,Trapani
190,Sicilia,209,Asp Di Trapani,Via Mazzini 1,91100,Trapani
190,Sicilia,209,Asp Di Trapani,Via Mazzini 1,91100,Trapani
190,Sicilia,209,Asp Di Trapani,Via Mazzini 1,91100,Trapani
190,Sicilia,209,Asp Di Trapani,Via Mazzini 1,91100,Trapani
190,Sicilia,209,Asp Di Trapani,Via Mazzini 1,91100,Trapani
190,Sicilia,209,Asp Di Trapani,Via Mazzini 1,91100,Trapani
190,Sicilia,209,Asp Di Trapani,Via Mazzini 1,91100,Trapani
190,Sicilia,209,Asp Di Trapani,Via Mazzini 1,91100,Trapani
190,Sicilia,209,Asp Di Trapani,Via Mazzini 1,91100,Trapani
190,Sicilia,209,Asp Di Trapani,Via Mazzini 1,91100,Trapani
190,Sicilia,209,Asp Di Trapani,Via Mazzini 1,91100,Trapani
190,Sicilia,204,Asp Enna,Viale Diaz 23,94100,Enna
190,Sicilia,204,Asp Enna,Viale Diaz 23,94100,Enna
190,Sicilia,204,Asp Enna,Viale Diaz 23,94100,Enna
190,Sicilia,204,Asp Enna,Viale Diaz 23,94100,Enna
190,Sicilia,204,Asp Enna,Viale Diaz 23,94100,Enna
190,Sicilia,204,Asp Enna,Viale Diaz 23,94100,Enna
190,Sicilia,204,Asp Enna,Viale Diaz 23,94100,Enna
190,Sicilia,204,Asp Enna,Viale Diaz 23,94100,Enna
190,Sicilia,204,Asp Enna,Viale Diaz 23,94100,Enna
190,Sicilia,204,Asp Enna,Viale Diaz 23,94100,Enna
190,Sicilia,204,Asp Enna,Viale Diaz 23,94100,Enna
190,Sicilia,204,Asp Enna,Viale Diaz 23,94100,Enna
190,Sicilia,205,Asp Messina,Via Del Vespro  289,98100,Messina
190,Sicilia,205,Asp Messina,Via Del Vespro  289,98100,Messina
190,Sicilia,205,Asp Messina,Via Del Vespro  289,98100,Messina
190,Sicilia,205,Asp Messina,Via Del Vespro  289,98100,Messina
190,Sicilia,205,Asp Messina,Via Del Vespro  289,98100,Messina
190,Sicilia,205,Asp Messina,Via Del Vespro  289,98100,Messina
190,Sicilia,205,Asp Messina,Via Del Vespro  289,98100,Messina
190,Sicilia,205,Asp Messina,Via Del Vespro  289,98100,Messina
190,Sicilia,205,Asp Messina,Via Del Vespro  289,98100,Messina
190,Sicilia,205,Asp Messina,Via Del Vespro  289,98100,Messina
190,Sicilia,205,Asp Messina,Via Del Vespro  289,98100,Messina
190,Sicilia,205,Asp Messina,Via Del Vespro  289,98100,Messina
190,Sicilia,206,Asp Paleasl Roma Rmo,Via G. Cusmano 24,90100,Palermo
190,Sicilia,206,Asp Paleasl Roma Rmo,Via G. Cusmano 24,90100,Palermo
190,Sicilia,206,Asp Paleasl Roma Rmo,Via G. Cusmano 24,90100,Palermo
190,Sicilia,206,Asp Paleasl Roma Rmo,Via G. Cusmano 24,90100,Palermo
190,Sicilia,206,Asp Paleasl Roma Rmo,Via G. Cusmano 24,90100,Palermo
190,Sicilia,206,Asp Paleasl Roma Rmo,Via G. Cusmano 24,90100,Palermo
190,Sicilia,206,Asp Paleasl Roma Rmo,Via G. Cusmano 24,90100,Palermo
190,Sicilia,206,Asp Paleasl Roma Rmo,Via G. Cusmano 24,90100,Palermo
190,Sicilia,206,Asp Paleasl Roma Rmo,Via G. Cusmano 24,90100,Palermo
190,Sicilia,206,Asp Paleasl Roma Rmo,Via G. Cusmano 24,90100,Palermo
190,Sicilia,206,Asp Paleasl Roma Rmo,Via G. Cusmano 24,90100,Palermo
190,Sicilia,206,Asp Paleasl Roma Rmo,Via G. Cusmano 24,90100,Palermo
190,Sicilia,207,Asp Ragusa,P.Zza Igea 1,97100,Ragusa
190,Sicilia,207,Asp Ragusa,P.Zza Igea 1,97100,Ragusa
190,Sicilia,207,Asp Ragusa,P.Zza Igea 1,97100,Ragusa
190,Sicilia,207,Asp Ragusa,P.Zza Igea 1,97100,Ragusa
190,Sicilia,207,Asp Ragusa,P.Zza Igea 1 1,97100,Ragusa
190,Sicilia,207,Asp Ragusa,P.Zza Igea 1,97100,Ragusa
190,Sicilia,207,Asp Ragusa,P.Zza Igea 1,97100,Ragusa
190,Sicilia,207,Asp Ragusa,P.Zza Igea 1,97100,Ragusa
190,Sicilia,207,Asp Ragusa,P.Zza Igea 1,97100,Ragusa
190,Sicilia,207,Asp Ragusa,P.Zza Igea 1,97100,Ragusa
190,Sicilia,207,Asp Ragusa,P.Zza Igea 1,97100,Ragusa
190,Sicilia,207,Asp Ragusa,P.Zza Igea 1,97100,Ragusa
190,Sicilia,208,Asp Siracusa,C.So Gelone 17,96100,Siracusa
190,Sicilia,208,Asp Siracusa,C.So Gelone 17,96100,Siracusa
190,Sicilia,208,Asp Siracusa,C.So Gelone 17,96100,Siracusa
190,Sicilia,208,Asp Siracusa,C.So Gelone 17,96100,Siracusa
190,Sicilia,208,Asp Siracusa,C.So Gelone 17,96100,Siracusa
190,Sicilia,208,Asp Siracusa,C.So Gelone 17,96100,Siracusa
190,Sicilia,208,Asp Siracusa,C.So Gelone 17,96100,Siracusa
190,Sicilia,208,Asp Siracusa,C.So Gelone 17,96100,Siracusa
190,Sicilia,208,Asp Siracusa,C.So Gelone 17,96100,Siracusa
190,Sicilia,208,Asp Siracusa,C.So Gelone 17,96100,Siracusa
190,Sicilia,208,Asp Siracusa,C.So Gelone 17,96100,Siracusa
190,Sicilia,208,Asp Siracusa,C.So Gelone 17,96100,Siracusa
140,Molise,201,Asrem,Via Petrella 1,86100,Campobasso
140,Molise,201,Asrem,Via Petrella 1,86100,Campobasso
60,Friuli Venezia Giulia,206,Asu Friuli Centrale,Via Pozzuolo 330,33100,Udine
60,Friuli Venezia Giulia,206,Asu Friuli Centrale,Via Pozzuolo 330,33100,Udine
60,Friuli Venezia Giulia,207,Asu Giuliano Isontina,Via Costantinides  2,34128,Trieste
60,Friuli Venezia Giulia,207,Asu Giuliano Isontina,Via Costantinides  2,34128,Trieste
60,Friuli Venezia Giulia,201,Asui Di Trieste,Via Giovanni Sai 1-3,34128,Trieste
60,Friuli Venezia Giulia,201,Asui Di Trieste,Via Giovanni Sai 1-3,34128,Trieste
60,Friuli Venezia Giulia,201,Asui Di Trieste,Via Giovanni Sai 1-3,34128,Trieste
60,Friuli Venezia Giulia,204,Asui Di Udine,Via Pozzuolo 330,33100,Udine
60,Friuli Venezia Giulia,204,Asui Di Udine,Via Pozzuolo 330,33100,Udine
60,Friuli Venezia Giulia,204,Asui Di Udine,Via Pozzuolo 330,33100,Udine
110,Marche,201,Asur Marche,Via Caduti Del Lavoro 40,60131,Ancona
110,Marche,201,Asur Marche,Via Caduti Del Lavoro 40,60131,Ancona
110,Marche,201,Asur Marche,Via Caduti Del Lavoro 40,60131,Ancona
110,Marche,201,Asur Marche,Via Caduti Del Lavoro 40,60131,Ancona
110,Marche,201,Asur Marche,Via Caduti Del Lavoro 40,60131,Ancona
110,Marche,201,Asur Marche,Via Caduti Del Lavoro 40,60131,Ancona
110,Marche,201,Asur Marche,Via Caduti Del Lavoro 40,60131,Ancona
110,Marche,201,Asur Marche,Via Caduti Del Lavoro 40,60131,Ancona
110,Marche,201,Asur Marche,Via Caduti Del Lavoro 40,60131,Ancona
110,Marche,201,Asur Marche,Via G. Oberdan 2,60122,Ancona
110,Marche,201,Asur Marche,Via G. Oberdan 2,60122,Ancona
110,Marche,201,Asur Marche,Via G. Oberdan 2,60122,Ancona
30,Lombardia,322,Ats Dell'Insubria,Via O. Rossi 9,21100,Varese
30,Lombardia,322,Ats Dell'Insubria,Via O. Rossi 9,21100,Varese
30,Lombardia,322,Ats Dell'Insubria,Via O. Rossi 9,21100,Varese
30,Lombardia,322,Ats Dell'Insubria,Via O. Rossi 9,21100,Varese
30,Lombardia,322,Ats Dell'Insubria,Via O. Rossi 9,21100,Varese
30,Lombardia,322,Ats Dell'Insubria,Via O. Rossi 9,21100,Varese
30,Lombardia,324,Ats Della Brianza,Viale Elvezia 2,20900,Monza
30,Lombardia,324,Ats Della Brianza,Viale Elvezia 2,20900,Monza
30,Lombardia,324,Ats Della Brianza,Viale Elvezia 2,20900,Monza
30,Lombardia,324,Ats Della Brianza,Viale Elvezia 2,20900,Monza
30,Lombardia,324,Ats Della Brianza,Viale Elvezia 2,20900,Monza
30,Lombardia,324,Ats Della Brianza,Viale Elvezia 2,20900,Monza
30,Lombardia,321,Ats Della Citta' Metropolitana Di Milano,Corso Italia 19,20122,Milano
30,Lombardia,321,Ats Della Citta' Metropolitana Di Milano,Corso Italia 19,20122,Milano
30,Lombardia,321,Ats Della Citta' Metropolitana Di Milano,Corso Italia 19,20122,Milano
30,Lombardia,321,Ats Della Citta' Metropolitana Di Milano,Corso Italia 19,20122,Milano
30,Lombardia,321,Ats Della Citta' Metropolitana Di Milano,Corso Italia 19,20122,Milano
30,Lombardia,321,Ats Della Citta' Metropolitana Di Milano,Corso Italia 19,20122,Milano
30,Lombardia,323,Ats Della Montagna,Via N. Sauro 38,23100,Sondrio
30,Lombardia,323,Ats Della Montagna,Via N. Sauro 38,23100,Sondrio
30,Lombardia,323,Ats Della Montagna,Via N. Sauro 38,23100,Sondrio
30,Lombardia,323,Ats Della Montagna,Via N. Sauro 38,23100,Sondrio
30,Lombardia,323,Ats Della Montagna,Via N. Sauro 38,23100,Sondrio
30,Lombardia,323,Ats Della Montagna,Via N. Sauro 38,23100,Sondrio
30,Lombardia,327,Ats Della Val Padana,Via Dei Toscani 1,46100,Mantova
30,Lombardia,327,Ats Della Val Padana,Via Dei Toscani 1,46100,Mantova
30,Lombardia,327,Ats Della Val Padana,Via Dei Toscani 1,46100,Mantova
30,Lombardia,327,Ats Della Val Padana,Via Dei Toscani 1,46100,Mantova
30,Lombardia,327,Ats Della Val Padana,Via Dei Toscani 1,46100,Mantova
30,Lombardia,327,Ats Della Val Padana,Via Dei Toscani 1,46100,Mantova
30,Lombardia,325,Ats Di Bergamo,Via Gallicciolli 4,24121,Bergamo
30,Lombardia,325,Ats Di Bergamo,Via Gallicciolli 4,24121,Bergamo
30,Lombardia,325,Ats Di Bergamo,Via Gallicciolli 4,24121,Bergamo
30,Lombardia,325,Ats Di Bergamo,Via Gallicciolli 4,24121,Bergamo
30,Lombardia,325,Ats Di Bergamo,Via Gallicciolli 4,24121,Bergamo
30,Lombardia,325,Ats Di Bergamo,Via Gallicciolli 4,24121,Bergamo
30,Lombardia,326,Ats Di Brescia,Viale Duca Degli Abruzzi 15,25122,Brescia
30,Lombardia,326,Ats Di Brescia,Viale Duca Degli Abruzzi 15,25122,Brescia
30,Lombardia,326,Ats Di Brescia,Viale Duca Degli Abruzzi 15,25122,Brescia
30,Lombardia,326,Ats Di Brescia,Viale Duca Degli Abruzzi 15,25122,Brescia
30,Lombardia,326,Ats Di Brescia,Viale Duca Degli Abruzzi 15,25122,Brescia
30,Lombardia,326,Ats Di Brescia,Viale Duca Degli Abruzzi 15,25122,Brescia
30,Lombardia,328,Ats Di Pavia,Viale Indipendenza 1,27100,Pavia
30,Lombardia,328,Ats Di Pavia,Viale Indipendenza 1,27100,Pavia
30,Lombardia,328,Ats Di Pavia,Viale Indipendenza 1,27100,Pavia
30,Lombardia,328,Ats Di Pavia,Viale Indipendenza 1,27100,Pavia
30,Lombardia,328,Ats Di Pavia,Viale Indipendenza 1,27100,Pavia
30,Lombardia,328,Ats Di Pavia,Viale Indipendenza 1,27100,Pavia
100,Umbria,201,Ausl Umbria N.1,Via G. Guerra  21/17,6127,Perugia
100,Umbria,201,Ausl Umbria N.1,Via G. Guerra  21/17,6127,Perugia
100,Umbria,201,Ausl Umbria N.1,Via G. Guerra  21/17,6127,Perugia
100,Umbria,201,Ausl Umbria N.1,Via G. Guerra  21/17,6127,Perugia
100,Umbria,201,Ausl Umbria N.1,Via G. Guerra  21/17,6127,Perugia
100,Umbria,201,Ausl Umbria N.1,Via G. Guerra  21/17,6127,Perugia
100,Umbria,201,Ausl Umbria N.1,Via G. Guerra  21/17,6127,Perugia
100,Umbria,201,Ausl Umbria N.1,Via G. Guerra  21/17,6127,Perugia
100,Umbria,201,Ausl Umbria N.1,Via G. Guerra  21/17,6127,Perugia
100,Umbria,202,Ausl Umbria N.2,Viale Bramante  37,5100,Terni
100,Umbria,202,Ausl Umbria N.2,Viale Bramante  37,5100,Terni
100,Umbria,202,Ausl Umbria N.2,Viale Bramante  37,5100,Terni
100,Umbria,202,Ausl Umbria N.2,Viale Bramante  37,5100,Terni
100,Umbria,202,Ausl Umbria N.2,Viale Bramante  37,5100,Terni
100,Umbria,202,Ausl Umbria N.2,Viale Bramante  37,5100,Terni
100,Umbria,202,Ausl Umbria N.2,Viale Bramante  37,5100,Terni
100,Umbria,202,Ausl Umbria N.2,Viale Bramante  37,5100,Terni
100,Umbria,202,Ausl Umbria N.2,Viale Bramante  37,5100,Terni
130,Abruzzo,201,Avezzano-Sulmona-L'Aquila,L'Aquila  Via G. Bellisari Snc,67100,L'Aquila
130,Abruzzo,201,Avezzano-Sulmona-L'Aquila,Via G. Bellisari Snc,67100,L'Aquila
130,Abruzzo,201,Avezzano-Sulmona-L'Aquila,Via G. Bellisari Snc,67100,L'Aquila
130,Abruzzo,201,Avezzano-Sulmona-L'Aquila,Via G. Bellisari Snc,67100,L'Aquila
130,Abruzzo,201,Avezzano-Sulmona-L'Aquila,L'Aquila  Via G. Bellisari Snc,67100,L'Aquila
130,Abruzzo,201,Avezzano-Sulmona-L'Aquila,L'Aquila  Via G. Bellisari Snc,67100,L'Aquila
130,Abruzzo,201,Avezzano-Sulmona-L'Aquila,L'Aquila  Via G. Bellisari Snc -,67100,L'Aquila
130,Abruzzo,201,Avezzano-Sulmona-L'Aquila,L'Aquila  Via G. Bellisari Snc -,67100,L'Aquila
130,Abruzzo,201,Avezzano-Sulmona-L'Aquila,L'Aquila  Via G. Bellisari Snc,67100,L'Aquila
130,Abruzzo,201,Avezzano-Sulmona-L'Aquila,L'Aquila  Via G. Bellisari Snc -,67100,L'Aquila
130,Abruzzo,201,Avezzano-Sulmona-L'Aquila,L'Aquila  Via G. Bellisari Snc -,67100,L'Aquila
130,Abruzzo,201,Avezzano-Sulmona-L'Aquila,L'Aquila  Via G. Bellisari Snc,67100,L'Aquila
200,Sardegna,201,Azienda Per La Tutela Della Salute,Via Monte Grappa 82,7100,Sassari
200,Sardegna,201,Azienda Per La Tutela Della Salute,Via Monte Grappa 82,7100,Sassari
200,Sardegna,201,Azienda Per La Tutela Della Salute,Via Monte Grappa 82,7100,Sassari
200,Sardegna,201,Azienda Per La Tutela Della Salute,Via Monte Grappa 82,7100,Sassari
200,Sardegna,201,Azienda Per La Tutela Della Salute,Via Monte Grappa 82,7100,Sassari
41,Prov. Auton. Bolzano,201,Azienda Sanitaria Della P.A. Di Bolzano,Via Cassa Di Risparmio 4,39100,Bolzano
41,Prov. Auton. Bolzano,201,Azienda Sanitaria Della P.A. Di Bolzano,Via Cassa Di Risparmio 4,39100,Bolzano
41,Prov. Auton. Bolzano,201,Azienda Sanitaria Della P.A. Di Bolzano,Via Cassa Di Risparmio 4,39100,Bolzano
41,Prov. Auton. Bolzano,201,Azienda Sanitaria Della P.A. Di Bolzano,Via Cassa Di Risparmio 4,39100,Bolzano
41,Prov. Auton. Bolzano,201,Azienda Sanitaria Della P.A. Di Bolzano,Via Cassa Di Risparmio 4,39100,Bolzano
170,Basilicata,202,Azienda Sanitaria Locale Di Matera  Asm,Via Montescaglioso 20,75100,Matera
170,Basilicata,202,Azienda Sanitaria Locale Di Matera  Asm,Via Montescaglioso 20,75100,Matera
170,Basilicata,202,Azienda Sanitaria Locale Di Matera  Asm,Via Montescaglioso 20,75100,Matera
170,Basilicata,202,Azienda Sanitaria Locale Di Matera  Asm,Via Montescaglioso 20,75100,Matera
170,Basilicata,202,Azienda Sanitaria Locale Di Matera  Asm,Via Montescaglioso 20,75100,Matera
170,Basilicata,202,Azienda Sanitaria Locale Di Matera  Asm,Via Montescaglioso 20,75100,Matera
170,Basilicata,202,Azienda Sanitaria Locale Di Matera  Asm,Via Montescaglioso 20,75100,Matera
170,Basilicata,202,Azienda Sanitaria Locale Di Matera  Asm,Via Montescaglioso 20,75100,Matera
170,Basilicata,202,Azienda Sanitaria Locale Di Matera  Asm,Via Montescaglioso 20,75100,Matera
170,Basilicata,202,Azienda Sanitaria Locale Di Matera  Asm,Via Montescaglioso 20,75100,Matera
170,Basilicata,202,Azienda Sanitaria Locale Di Matera  Asm,Via Montescaglioso 20,75100,Matera
170,Basilicata,202,Azienda Sanitaria Locale Di Matera  Asm,Via Montescaglioso 20,75100,Matera
170,Basilicata,201,Azienda Sanitaria Locale Di Potenza Asp,Via Torraca 2,85100,Potenza
170,Basilicata,201,Azienda Sanitaria Locale Di Potenza Asp,Via Torraca 2,85100,Potenza
170,Basilicata,201,Azienda Sanitaria Locale Di Potenza Asp,Via Torraca 2,85100,Potenza
170,Basilicata,201,Azienda Sanitaria Locale Di Potenza Asp,Via Torraca 2,85100,Potenza
170,Basilicata,201,Azienda Sanitaria Locale Di Potenza Asp,Via Torraca 2,85100,Potenza
170,Basilicata,201,Azienda Sanitaria Locale Di Potenza Asp,Via Torraca 2,85100,Potenza
170,Basilicata,201,Azienda Sanitaria Locale Di Potenza Asp,Via Torraca 2,85100,Potenza
170,Basilicata,201,Azienda Sanitaria Locale Di Potenza Asp,Via Torraca 2,85100,Potenza
170,Basilicata,201,Azienda Sanitaria Locale Di Potenza Asp,Via Torraca 2,85100,Potenza
170,Basilicata,201,Azienda Sanitaria Locale Di Potenza Asp,Via Torraca 2,85100,Potenza
170,Basilicata,201,Azienda Sanitaria Locale Di Potenza Asp,Via Torraca 2,85100,Potenza
170,Basilicata,201,Azienda Sanitaria Locale Di Potenza Asp,Via Torraca 2,85100,Potenza
20,Valle D'Aosta,101,Azienda U.S.L. Valle D'Aosta,Via Guido Rey 1,11100,Aosta
20,Valle D'Aosta,101,Azienda U.S.L. Valle D'Aosta,Via Guido Rey 1,11100,Aosta
20,Valle D'Aosta,101,Azienda U.S.L. Valle D'Aosta,Via Guido Rey 1,11100,Aosta
20,Valle D'Aosta,101,Azienda U.S.L. Valle D'Aosta,Via Guido Rey 1,11100,Aosta
20,Valle D'Aosta,101,Azienda U.S.L. Valle D'Aosta,Via Guido Rey 1,11100,Aosta
20,Valle D'Aosta,101,Azienda U.S.L. Valle D'Aosta,Via Guido Rey 1,11100,Aosta
20,Valle D'Aosta,101,Azienda U.S.L. Valle D'Aosta,Via Guido Rey 1,11100,Aosta
20,Valle D'Aosta,101,Azienda U.S.L. Valle D'Aosta,Via Guido Rey 1,11100,Aosta
50,Veneto,501,Azienda Ulss N.1 Dolomiti,Via Feltre 57,32100,Belluno
50,Veneto,501,Azienda Ulss N.1 Dolomiti,Via Feltre 57,32100,Belluno
50,Veneto,501,Azienda Ulss N.1 Dolomiti,Via Feltre 57,32100,Belluno
50,Veneto,501,Azienda Ulss N.1 Dolomiti,Via Feltre 57,32100,Belluno
50,Veneto,501,Azienda Ulss N.1 Dolomiti,Via Feltre 57,32100,Belluno
50,Veneto,502,Azienda Ulss N.2 Marca Trevigiana,Via S. Ambrogio In Fiera 37,31100,Treviso
50,Veneto,502,Azienda Ulss N.2 Marca Trevigiana,Via S. Ambrogio In Fiera 37,31100,Treviso
50,Veneto,502,Azienda Ulss N.2 Marca Trevigiana,Via S. Ambrogio In Fiera 37,31100,Treviso
50,Veneto,502,Azienda Ulss N.2 Marca Trevigiana,Via S. Ambrogio In Fiera 37,31100,Treviso
50,Veneto,502,Azienda Ulss N.2 Marca Trevigiana,Via S. Ambrogio In Fiera 37,31100,Treviso
50,Veneto,503,Azienda Ulss N.3 Serenissima,Via Don Federico Tosatto 147,30174,Venezia
50,Veneto,503,Azienda Ulss N.3 Serenissima,Via Don Federico Tosatto 147,30174,Venezia
50,Veneto,503,Azienda Ulss N.3 Serenissima,Via Don Federico Tosatto 147,30174,Venezia
50,Veneto,503,Azienda Ulss N.3 Serenissima,Via Don Federico Tosatto 147,30174,Venezia
50,Veneto,503,Azienda Ulss N.3 Serenissima,Via Don Federico Tosatto 147,30174,Venezia
50,Veneto,504,Azienda Ulss N.4 Veneto Orientale,P.Zza De Gasperi 5,30027,San Dona' Di Piave
50,Veneto,504,Azienda Ulss N.4 Veneto Orientale,P.Zza De Gasperi 5,30027,San Dona' Di Piave
50,Veneto,504,Azienda Ulss N.4 Veneto Orientale,P.Zza De Gasperi 5,30027,San Dona' Di Piave
50,Veneto,504,Azienda Ulss N.4 Veneto Orientale,P.Zza De Gasperi 5,30027,San Dona' Di Piave
50,Veneto,504,Azienda Ulss N.4 Veneto Orientale,P.Zza De Gasperi 5,30027,San Dona' Di Piave
50,Veneto,505,Azienda Ulss N.5 Polesana,V.Le Tre Martiri 89,45100,Rovigo
50,Veneto,505,Azienda Ulss N.5 Polesana,V.Le Tre Martiri 89,45100,Rovigo
50,Veneto,505,Azienda Ulss N.5 Polesana,V.Le Tre Martiri 89,45100,Rovigo
50,Veneto,505,Azienda Ulss N.5 Polesana,V.Le Tre Martiri 89,45100,Rovigo
50,Veneto,505,Azienda Ulss N.5 Polesana,V.Le Tre Martiri 89,45100,Rovigo
50,Veneto,506,Azienda Ulss N.6 Euganea,Via E. Degli Scrovegni 14,35131,Padova
50,Veneto,506,Azienda Ulss N.6 Euganea,Via E. Degli Scrovegni 14,35131,Padova
50,Veneto,506,Azienda Ulss N.6 Euganea,Via E. Degli Scrovegni 14,35131,Padova
50,Veneto,506,Azienda Ulss N.6 Euganea,Via E. Degli Scrovegni 14,35131,Padova
50,Veneto,506,Azienda Ulss N.6 Euganea,Via E. Degli Scrovegni 14,35131,Padova
50,Veneto,507,Azienda Ulss N.7 Pedemontana,Via Dei Lotti 40,36061,Bassano Del Grappa
50,Veneto,507,Azienda Ulss N.7 Pedemontana,Via Dei Lotti 40,36061,Bassano Del Grappa
50,Veneto,507,Azienda Ulss N.7 Pedemontana,Via Dei Lotti 40,36061,Bassano Del Grappa
50,Veneto,507,Azienda Ulss N.7 Pedemontana,Via Dei Lotti 40,36061,Bassano Del Grappa
50,Veneto,507,Azienda Ulss N.7 Pedemontana,Via Dei Lotti 40,36061,Bassano Del Grappa
50,Veneto,508,Azienda Ulss N.8 Berica,V.Le Rodolfi 37,36100,Vicenza
50,Veneto,508,Azienda Ulss N.8 Berica,V.Le Rodolfi 37,36100,Vicenza
50,Veneto,508,Azienda Ulss N.8 Berica,V.Le Rodolfi 37,36100,Vicenza
50,Veneto,508,Azienda Ulss N.8 Berica,V.Le Rodolfi 37,36100,Vicenza
50,Veneto,508,Azienda Ulss N.8 Berica,V.Le Rodolfi 37,36100,Vicenza
50,Veneto,509,Azienda Ulss N.9 Scaligera,Via Valverde 42,37122,Verona
50,Veneto,509,Azienda Ulss N.9 Scaligera,Via Valverde 42,37122,Verona
50,Veneto,509,Azienda Ulss N.9 Scaligera,Via Valverde 42,37122,Verona
50,Veneto,509,Azienda Ulss N.9 Scaligera,Via Valverde 42,37122,Verona
50,Veneto,509,Azienda Ulss N.9 Scaligera,Via Valverde 42,37122,Verona
80,Emilia Romagna,105,Azienda Usl Bologna,Via Castiglione 29,40124,Bologna
80,Emilia Romagna,105,Azienda Usl Bologna,Via Castiglione 29,40124,Bologna
80,Emilia Romagna,105,Azienda Usl Bologna,Via Castiglione 29,40124,Bologna
80,Emilia Romagna,105,Azienda Usl Bologna,Via Castiglione 29,40124,Bologna
80,Emilia Romagna,105,Azienda Usl Bologna,Via Castiglione 29,40124,Bologna
80,Emilia Romagna,105,Azienda Usl Bologna,Via Castiglione 29,40124,Bologna
80,Emilia Romagna,105,Azienda Usl Bologna,Via Castiglione 29,40124,Bologna
80,Emilia Romagna,105,Azienda Usl Bologna,Via Castiglione 29,40124,Bologna
80,Emilia Romagna,105,Azienda Usl Bologna,Via Castiglione 29,40124,Bologna
80,Emilia Romagna,105,Azienda Usl Bologna,Via Castiglione 29,40124,Bologna
80,Emilia Romagna,105,Azienda Usl Bologna,Via Castiglione 29,40124,Bologna
80,Emilia Romagna,105,Azienda Usl Bologna,Via Castiglione 29,40124,Bologna
80,Emilia Romagna,112,Azienda Usl Cesena,P.Zza Leonardo Sciascia 111/2,47522,Cesena
80,Emilia Romagna,112,Azienda Usl Cesena,P.Zza Leonardo Sciascia 111/2,47522,Cesena
80,Emilia Romagna,112,Azienda Usl Cesena,P.Zza Leonardo Sciascia 111/2,47522,Cesena
80,Emilia Romagna,112,Azienda Usl Cesena,P.Zza Leonardo Sciascia 111/2,47522,Cesena
80,Emilia Romagna,114,Azienda Usl Della Asl Romagna,Via De Gasperi 8,48100,Ravenna
80,Emilia Romagna,114,Azienda Usl Della Asl Romagna,Via De Gasperi 8,48100,Ravenna
80,Emilia Romagna,114,Azienda Usl Della Asl Romagna,Via De Gasperi 8,48100,Ravenna
80,Emilia Romagna,114,Azienda Usl Della Asl Romagna,Via De Gasperi 8,48100,Ravenna
80,Emilia Romagna,114,Azienda Usl Della Asl Romagna,Via De Gasperi 8,48100,Ravenna
80,Emilia Romagna,114,Azienda Usl Della Asl Romagna,Via De Gasperi 8,48100,Ravenna
80,Emilia Romagna,114,Azienda Usl Della Asl Romagna,Via De Gasperi 8,48100,Ravenna
80,Emilia Romagna,114,Azienda Usl Della Asl Romagna,Via De Gasperi 8,48100,Ravenna
80,Emilia Romagna,109,Azienda Usl Ferrara,Via A.Cassoli 30,44100,Ferrara
80,Emilia Romagna,109,Azienda Usl Ferrara,Via A.Cassoli 30,44100,Ferrara
80,Emilia Romagna,109,Azienda Usl Ferrara,Via A.Cassoli 30,44121,Ferrara
80,Emilia Romagna,109,Azienda Usl Ferrara,Via A.Cassoli 30,44121,Ferrara
80,Emilia Romagna,109,Azienda Usl Ferrara,Via A.Cassoli 30,44121,Ferrara
80,Emilia Romagna,109,Azienda Usl Ferrara,Via A.Cassoli 30,44121,Ferrara
80,Emilia Romagna,109,Azienda Usl Ferrara,Via A.Cassoli 30,44121,Ferrara
80,Emilia Romagna,109,Azienda Usl Ferrara,Via A.Cassoli 30,44121,Ferrara
80,Emilia Romagna,109,Azienda Usl Ferrara,Via A.Cassoli 30,44121,Ferrara
80,Emilia Romagna,109,Azienda Usl Ferrara,Via A.Cassoli 30,44121,Ferrara
80,Emilia Romagna,109,Azienda Usl Ferrara,Via A.Cassoli 30,44121,Ferrara
80,Emilia Romagna,109,Azienda Usl Ferrara,Via A.Cassoli 30,44121,Ferrara
80,Emilia Romagna,111,Azienda Usl Forli',Corso Repubblica 171/D,47100,Forli'
80,Emilia Romagna,111,Azienda Usl Forli',Corso Repubblica 171/D,47100,Forli'
80,Emilia Romagna,111,Azienda Usl Forli',Corso Repubblica 171/D,47100,Forli'
80,Emilia Romagna,111,Azienda Usl Forli',Corso Repubblica 171/D,47100,Forli'
80,Emilia Romagna,106,Azienda Usl Imola,Viale  Amendola 2,40026,Imola
80,Emilia Romagna,106,Azienda Usl Imola,Viale  Amendola 2,40026,Imola
80,Emilia Romagna,106,Azienda Usl Imola,Viale  Amendola 2,40026,Imola
80,Emilia Romagna,106,Azienda Usl Imola,Viale  Amendola 2,40026,Imola
80,Emilia Romagna,106,Azienda Usl Imola,Viale  Amendola 2,40026,Imola
80,Emilia Romagna,106,Azienda Usl Imola,Viale  Amendola 2,40026,Imola
80,Emilia Romagna,106,Azienda Usl Imola,Viale  Amendola 2,40026,Imola
80,Emilia Romagna,106,Azienda Usl Imola,Viale  Amendola 2,40026,Imola
80,Emilia Romagna,106,Azienda Usl Imola,Viale  Amendola 2,40026,Imola
80,Emilia Romagna,106,Azienda Usl Imola,Viale  Amendola 2,40026,Imola
80,Emilia Romagna,106,Azienda Usl Imola,Viale  Amendola 2,40026,Imola
80,Emilia Romagna,106,Azienda Usl Imola,Viale  Amendola 2,40026,Imola
80,Emilia Romagna,104,Azienda Usl Modena,Via S.Giovanni Del Cantone 23,41100,Modena
80,Emilia Romagna,104,Azienda Usl Modena,Via S.Giovanni Del Cantone 23,41100,Modena
80,Emilia Romagna,104,Azienda Usl Modena,Via S.Giovanni Del Cantone 23,41100,Modena
80,Emilia Romagna,104,Azienda Usl Modena,Via S.Giovanni Del Cantone 23,41100,Modena
80,Emilia Romagna,104,Azienda Usl Modena,Via S.Giovanni Del Cantone 23,41100,Modena
80,Emilia Romagna,104,Azienda Usl Modena,Via S.Giovanni Del Cantone 23,41100,Modena
80,Emilia Romagna,104,Azienda Usl Modena,Via S.Giovanni Del Cantone 23,41100,Modena
80,Emilia Romagna,104,Azienda Usl Modena,Via S.Giovanni Del Cantone 23,41100,Modena
80,Emilia Romagna,104,Azienda Usl Modena,Via S.Giovanni Del Cantone 23,41100,Modena
80,Emilia Romagna,104,Azienda Usl Modena,Via S.Giovanni Del Cantone 23,41100,Modena
80,Emilia Romagna,104,Azienda Usl Modena,Via S.Giovanni Del Cantone 23,41100,Modena
80,Emilia Romagna,104,Azienda Usl Modena,Via S.Giovanni Del Cantone 23,41100,Modena
80,Emilia Romagna,102,Azienda Usl Paasl Roma Rma,Strada Del Quartiere 2/A,43123,Parma
80,Emilia Romagna,102,Azienda Usl Paasl Roma Rma,Strada Del Quartiere 2/A,43123,Parma
80,Emilia Romagna,102,Azienda Usl Paasl Roma Rma,Strada Del Quartiere 2/A,43123,Parma
80,Emilia Romagna,102,Azienda Usl Paasl Roma Rma,Strada Del Quartiere 2/A,43123,Parma
80,Emilia Romagna,102,Azienda Usl Paasl Roma Rma,Strada Del Quartiere 2/A,43123,Parma
80,Emilia Romagna,102,Azienda Usl Paasl Roma Rma,Strada Del Quartiere 2/A,43123,Parma
80,Emilia Romagna,102,Azienda Usl Paasl Roma Rma,Strada Del Quartiere 2/A,43123,Parma
80,Emilia Romagna,102,Azienda Usl Paasl Roma Rma,Strada Del Quartiere 2/A,43123,Parma
80,Emilia Romagna,102,Azienda Usl Paasl Roma Rma,Strada Del Quartiere 2/A,43123,Parma
80,Emilia Romagna,102,Azienda Usl Paasl Roma Rma,Strada Del Quartiere 2/A,43123,Parma
80,Emilia Romagna,102,Azienda Usl Paasl Roma Rma,Strada Del Quartiere 2/A,43123,Parma
80,Emilia Romagna,102,Azienda Usl Paasl Roma Rma,Strada Del Quartiere 2/A,43123,Parma
80,Emilia Romagna,101,Azienda Usl Piacenza,Corso Vittorio Emanuele Ii° 169,29100,Piacenza
80,Emilia Romagna,101,Azienda Usl Piacenza,Via Antonio Anguissola 15,29121,Piacenza
80,Emilia Romagna,101,Azienda Usl Piacenza,Via Antonio Anguissola 15,29121,Piacenza
80,Emilia Romagna,101,Azienda Usl Piacenza,Via Antonio Anguissola 15,29121,Piacenza
80,Emilia Romagna,101,Azienda Usl Piacenza,Via Antonio Anguissola 15,29121,Piacenza
80,Emilia Romagna,101,Azienda Usl Piacenza,Via Antonio Anguissola 15,29121,Piacenza
80,Emilia Romagna,101,Azienda Usl Piacenza,Via Antonio Anguissola 15,29121,Piacenza
80,Emilia Romagna,101,Azienda Usl Piacenza,Via Antonio Anguissola 15,29121,Piacenza
80,Emilia Romagna,101,Azienda Usl Piacenza,Via Antonio Anguissola 15,29121,Piacenza
80,Emilia Romagna,101,Azienda Usl Piacenza,Via Antonio Anguissola 15,29121,Piacenza
80,Emilia Romagna,101,Azienda Usl Piacenza,Via Antonio Anguissola 15,29121,Piacenza
80,Emilia Romagna,101,Azienda Usl Piacenza,Via Antonio Anguissola 15,29121,Piacenza
80,Emilia Romagna,110,Azienda Usl Ravenna,Via A. De Gasperi 8,48100,Ravenna
80,Emilia Romagna,110,Azienda Usl Ravenna,Via A. De Gasperi 8,48100,Ravenna
80,Emilia Romagna,110,Azienda Usl Ravenna,Via A. De Gasperi 8,48100,Ravenna
80,Emilia Romagna,110,Azienda Usl Ravenna,Via A. De Gasperi 8,48100,Ravenna
80,Emilia Romagna,103,Azienda Usl Reggio Emilia,Via Amendola 2,42122,Reggio Nell'Emilia
80,Emilia Romagna,103,Azienda Usl Reggio Emilia,Via Amendola 2,42122,Reggio Nell'Emilia
80,Emilia Romagna,103,Azienda Usl Reggio Emilia,Via Amendola 2,42122,Reggio Nell'Emilia
80,Emilia Romagna,103,Azienda Usl Reggio Emilia,Via Amendola 2,42122,Reggio Nell'Emilia
80,Emilia Romagna,103,Azienda Usl Reggio Emilia,Via Amendola 2,42122,Reggio Nell'Emilia
80,Emilia Romagna,103,Azienda Usl Reggio Emilia,Via Amendola 2,42122,Reggio Nell'Emilia
80,Emilia Romagna,103,Azienda Usl Reggio Emilia,Via Amendola 2,42122,Reggio Nell'Emilia
80,Emilia Romagna,103,Azienda Usl Reggio Emilia,Via Amendola 2,42122,Reggio Nell'Emilia
80,Emilia Romagna,103,Azienda Usl Reggio Emilia,Via Amendola 2,42122,Reggio Nell'Emilia
80,Emilia Romagna,103,Azienda Usl Reggio Emilia,Via Amendola 2,42122,Reggio Nell'Emilia
80,Emilia Romagna,103,Azienda Usl Reggio Emilia,Via Amendola 2,42122,Reggio Nell'Emilia
80,Emilia Romagna,103,Azienda Usl Reggio Emilia,Via Amendola 2,42122,Reggio Nell'Emilia
80,Emilia Romagna,113,Azienda Usl Rimini,Via Coriano 38,47037,Rimini
80,Emilia Romagna,113,Azienda Usl Rimini,Via Coriano 38,47037,Rimini
80,Emilia Romagna,113,Azienda Usl Rimini,Via Coriano 38,47037,Rimini
80,Emilia Romagna,113,Azienda Usl Rimini,Via Coriano 38,47037,Rimini
90,Toscana,201,Azienda Usl Toscana Centro,Piazza Santa Maria Nuova 1,50122,Firenze
90,Toscana,201,Azienda Usl Toscana Centro,Piazza Santa Maria Nuova 1,50122,Firenze
90,Toscana,201,Azienda Usl Toscana Centro,Piazza Santa Maria Nuova 1,50122,Firenze
90,Toscana,201,Azienda Usl Toscana Centro,Piazza Santa Maria Nuova 1,50122,Firenze
90,Toscana,201,Azienda Usl Toscana Centro,Piazza Santa Maria Nuova 1,50122,Firenze
90,Toscana,201,Azienda Usl Toscana Centro,Piazza Santa Maria Nuova 1,50122,Firenze
90,Toscana,202,Azienda Usl Toscana Nord-Ovest,Via Cocchi 7/9,56124,Pisa
90,Toscana,202,Azienda Usl Toscana Nord-Ovest,Via Cocchi 7/9,56124,Pisa
90,Toscana,202,Azienda Usl Toscana Nord-Ovest,Via Cocchi 7/9,56124,Pisa
90,Toscana,202,Azienda Usl Toscana Nord-Ovest,Via Cocchi 7/9,56124,Pisa
90,Toscana,202,Azienda Usl Toscana Nord-Ovest,Via Cocchi 7/9,56124,Pisa
90,Toscana,202,Azienda Usl Toscana Nord-Ovest,Via Cocchi 7/9,56124,Pisa
90,Toscana,203,Azienda Usl Toscana Sud-Est,Via Curtatone 54,52100,Arezzo
90,Toscana,203,Azienda Usl Toscana Sud-Est,Via Curtatone 54,52100,Arezzo
90,Toscana,203,Azienda Usl Toscana Sud-Est,Via Curtatone 54,52100,Arezzo
90,Toscana,203,Azienda Usl Toscana Sud-Est,Via Curtatone 54,52100,Arezzo
90,Toscana,203,Azienda Usl Toscana Sud-Est,Via Curtatone 54,52100,Arezzo
90,Toscana,203,Azienda Usl Toscana Sud-Est,Via Curtatone 54,52100,Arezzo
60,Friuli Venezia Giulia,105,Aas Bassa Friulana,Via Natisone-Fraz. Jalmicco,33057,Palmanova
60,Friuli Venezia Giulia,105,Aas Bassa Friulana,Via Natisone-Fraz. Jalmicco,33057,Palmanova
60,Friuli Venezia Giulia,105,Aas Bassa Friulana,Via Natisone 11,33057,Palmanova
60,Friuli Venezia Giulia,105,Aas Bassa Friulana,Via Natisone 11,33057,Palmanova
60,Friuli Venezia Giulia,105,Aas Bassa Friulana,Via Natisone 11,33057,Palmanova
60,Friuli Venezia Giulia,202,Aas Bassa Friulana - Isontina,Via Vittorio Veneto 174,34170,Gorizia
60,Friuli Venezia Giulia,202,Aas Bassa Friulana - Isontina,Via Vittorio Veneto 174,34170,Gorizia
60,Friuli Venezia Giulia,202,Aas Bassa Friulana - Isontina,Via Vittorio Veneto 174,34170,Gorizia
60,Friuli Venezia Giulia,202,Aas Bassa Friulana - Isontina,Via Vittorio Veneto 174,34170,Gorizia
60,Friuli Venezia Giulia,202,Aas Bassa Friulana - Isontina,Via Vittorio Veneto 174,34170,Gorizia
50,Veneto,103,Aulss Bassano Del Grappa,Via Dei Lotti 40,36061,Bassano Del Grappa
50,Veneto,103,Aulss Bassano Del Grappa,Via Dei Lotti 40,36061,Bassano Del Grappa
50,Veneto,103,Aulss Bassano Del Grappa,Via Dei Lotti 40,36061,Bassano Del Grappa
50,Veneto,103,Aulss Bassano Del Grappa,Via Dei Lotti 40,36061,Bassano Del Grappa
50,Veneto,103,Aulss Bassano Del Grappa,Via Dei Lotti 40,36061,Bassano Del Grappa
50,Veneto,103,Aulss Bassano Del Grappa,Via Dei Lotti 40,36061,Bassano Del Grappa
50,Veneto,103,Aulss Bassano Del Grappa,Via Dei Lotti 40,36061,Bassano Del Grappa
50,Veneto,101,Aulss Belluno,Via Feltre  57,32100,Belluno
50,Veneto,101,Aulss Belluno,Via Feltre  57,32100,Belluno
50,Veneto,101,Aulss Belluno,Via Feltre 57,32100,Belluno
50,Veneto,101,Aulss Belluno,Via Feltre 57,32100,Belluno
50,Veneto,101,Aulss Belluno,Via Feltre 57,32100,Belluno
50,Veneto,101,Aulss Belluno,Via Feltre 57,32100,Belluno
50,Veneto,101,Aulss Belluno,Via Feltre 57,32100,Belluno
10,Piemonte,207,Asl Biella,Via Marconi 23,13900,Biella
10,Piemonte,207,Asl Biella,Via Marconi 23,13900,Biella
10,Piemonte,207,Asl Biella,Via Marconi 23,13900,Biella
10,Piemonte,207,Asl Biella,Via Marconi 23,13900,Biella
10,Piemonte,207,Asl Biella,Via Marconi 23,13900,Biella
10,Piemonte,207,Asl Biella,Via Marconi 23,13900,Biella
10,Piemonte,207,Asl Biella,Via Dei Ponderanesi 2,13875,Ponderano
10,Piemonte,207,Asl Biella,Via Dei Ponderanesi 2,13875,Ponderano
10,Piemonte,207,Asl Biella,Via Dei Ponderanesi 2,13875,Ponderano
10,Piemonte,207,Asl Biella,Via Dei Ponderanesi 2,13875,Ponderano
10,Piemonte,207,Asl Biella,Via Dei Ponderanesi 2,13875,Ponderano
10,Piemonte,207,Asl Biella,Via Dei Ponderanesi 2,13875,Ponderano
50,Veneto,122,Asl Bussolengo,Via Citella 52,37012,Bussolengo
50,Veneto,122,Asl Bussolengo,Via Citella 52,37012,Bussolengo
50,Veneto,122,Asl Bussolengo,Via Citella 0,37012,Bussolengo
50,Veneto,122,Asl Bussolengo,Via Citella 0,37012,Bussolengo
50,Veneto,122,Asl Bussolengo,C. A. Dalla Chiesa 0,37012,Bussolengo
50,Veneto,122,Asl Bussolengo,C. A. Dalla Chiesa 0,37012,Bussolengo
50,Veneto,122,Asl Bussolengo,C. A. Dalla Chiesa 0,37012,Bussolengo
200,Sardegna,108,Asl Cagliari,Via Logudoro 17,9100,Cagliari
200,Sardegna,108,Asl Cagliari,Via Logudoro 17,9100,Cagliari
200,Sardegna,108,Asl Cagliari,Via Logudoro 17,9100,Cagliari
200,Sardegna,108,Asl Cagliari,Via Logudoro 17,9100,Cagliari
200,Sardegna,108,Asl Cagliari,Via Logudoro 17,9100,Cagliari
200,Sardegna,108,Asl Cagliari,Via Logudoro 17,9100,Cagliari
200,Sardegna,108,Asl Cagliari,Via Logudoro 17,9100,Cagliari
200,Sardegna,107,Assl Carbonia,Via Dalmazia,9016,Iglesias
200,Sardegna,107,Assl Carbonia,Via Dalmazia 83,9013,Carbonia
200,Sardegna,107,Assl Carbonia,Via Dalmazia 83,9013,Carbonia
200,Sardegna,107,Assl Carbonia,Via Dalmazia 83,9013,Carbonia
200,Sardegna,107,Assl Carbonia,Via Dalmazia 83,9013,Carbonia
200,Sardegna,107,Assl Carbonia,Via Dalmazia 83,9013,Carbonia
200,Sardegna,107,Assl Carbonia,Via Dalmazia 83,9013,Carbonia
70,Liguria,104,Asl Chiavarese,Via C.B.Ghio 9,16043,Chiavari
70,Liguria,104,Asl Chiavarese,Via C.B.Ghio 9,16043,Chiavari
70,Liguria,104,Asl Chiavarese,Via G.B.Ghio 9,16043,Chiavari
70,Liguria,104,Asl Chiavarese,Via G.B.Ghio 9,16043,Chiavari
70,Liguria,104,Asl Chiavarese,Via G.B.Ghio 9,16043,Chiavari
70,Liguria,104,Asl Chiavarese,Via G.B.Ghio 9,16043,Chiavari
70,Liguria,104,Asl Chiavarese,Via G.B.Ghio 9,16043,Chiavari
70,Liguria,104,Asl Chiavarese,Via G.B.Ghio 9,16043,Chiavari
70,Liguria,104,Asl Chiavarese,Via G.B.Ghio 9,16043,Chiavari
70,Liguria,104,Asl Chiavarese,Via G.B.Ghio 9,16043,Chiavari
70,Liguria,104,Asl Chiavarese,Via G.B.Ghio 9,16043,Chiavari
70,Liguria,104,Asl Chiavarese,Via G.B.Ghio 9,16043,Chiavari
50,Veneto,114,Aulss Chioggia,Strada Madonna Marina 500,30015,Chioggia
50,Veneto,114,Aulss Chioggia,Strada Madonna Marina 500,30015,Chioggia
50,Veneto,114,Aulss Chioggia,Strada Madonna Marina 500,30015,Chioggia
50,Veneto,114,Aulss Chioggia,Strada Madonna Marina 500,30015,Chioggia
50,Veneto,114,Aulss Chioggia,Strada Madonna Marina 500,30015,Chioggia
50,Veneto,114,Aulss Chioggia,Strada Madonna Marina 500,30015,Chioggia
50,Veneto,114,Aulss Chioggia,Strada Madonna Marina 500,30015,Chioggia
100,Umbria,101,Usl Citta' Di Castello,Via Luigi Angelini 10,6012,Citta` Di Castello
50,Veneto,115,Aulss Cittadella,Via Casa Di Ricovero  40,35010,Cittadella
50,Veneto,115,Aulss Cittadella,Via Casa Di Ricovero  40,35010,Cittadella
50,Veneto,115,Aulss Cittadella,Via Casa Di Ricovero 40,35013,Cittadella
50,Veneto,115,Aulss Cittadella,Via Casa Di Ricovero 40,35013,Cittadella
50,Veneto,115,Aulss Cittadella,Via Casa Di Ricovero 40,35013,Cittadella
50,Veneto,115,Aulss Cittadella,Via Casa Di Ricovero 40,35013,Cittadella
50,Veneto,115,Aulss Cittadella,Via Casa Di Ricovero 40,35013,Cittadella
10,Piemonte,210,Asl Cuneo Cn1,Via Carlo Boggio 12,12100,Cuneo
10,Piemonte,210,Asl Cuneo Cn1,Via Carlo Boggio 12,12100,Cuneo
10,Piemonte,210,Asl Cuneo Cn1,Via Carlo Boggio 12,12100,Cuneo
10,Piemonte,210,Asl Cuneo Cn1,Via Carlo Boggio 12,12100,Cuneo
10,Piemonte,210,Asl Cuneo Cn1,Via Carlo Boggio 12,12100,Cuneo
10,Piemonte,210,Asl Cuneo Cn1,Via Carlo Boggio 12,12100,Cuneo
10,Piemonte,210,Asl Cuneo Cn1,Via Carlo Boggio 12,12100,Cuneo
10,Piemonte,210,Asl Cuneo Cn1,Via Carlo Boggio 12,12100,Cuneo
10,Piemonte,210,Asl Cuneo Cn1,Via Carlo Boggio 12,12100,Cuneo
10,Piemonte,210,Asl Cuneo Cn1,Via Carlo Boggio 12,12100,Cuneo
10,Piemonte,210,Asl Cuneo Cn1,Via Carlo Boggio 12,12100,Cuneo
10,Piemonte,210,Asl Cuneo Cn1,Via Carlo Boggio 12,12100,Cuneo
10,Piemonte,211,Asl Cuneo Cn2,Via Vida 10,12051,Alba
10,Piemonte,211,Asl Cuneo Cn2,Via Vida 10,12051,Alba
10,Piemonte,211,Asl Cuneo Cn2,Via Vida 10,12051,Alba
10,Piemonte,211,Asl Cuneo Cn2,Via Vida 10,12051,Alba
10,Piemonte,211,Asl Cuneo Cn2,Via Vida 10,12051,Alba
10,Piemonte,211,Asl Cuneo Cn2,Via Vida 10,12051,Alba
10,Piemonte,211,Asl Cuneo Cn2,Via Vida 10,12051,Alba
10,Piemonte,211,Asl Cuneo Cn2,Via Vida 10,12051,Alba
10,Piemonte,211,Asl Cuneo Cn2,Via Vida 10,12051,Alba
10,Piemonte,211,Asl Cuneo Cn2,Via Vida 10,12051,Alba
10,Piemonte,211,Asl Cuneo Cn2,Via Vida 10,12051,Alba
10,Piemonte,211,Asl Cuneo Cn2,Via Vida 10,12051,Alba
90,Toscana,111,Ausl Empoli,P.Zza Xxiv Luglio 1,50053,Empoli
90,Toscana,111,Ausl Empoli,Via Dei Cappuccini 79,50053,Empoli
90,Toscana,111,Ausl Empoli,Via Dei Cappuccini 79,50053,Empoli
90,Toscana,111,Ausl Empoli,Via Dei Cappuccini 79,50053,Empoli
90,Toscana,111,Ausl Empoli,Via Dei Cappuccini 79,50053,Empoli
90,Toscana,111,Ausl Empoli,Via Dei Cappuccini 79,50053,Empoli
50,Veneto,117,Aulss Este Monselice Montagnana,Via G. Marconi 19,35043,Montagnana
50,Veneto,117,Aulss Este Monselice Montagnana,Via G. Marconi 19,35043,Montagnana
50,Veneto,102,Aulss Feltre,Via Bagnols Sur Ceze' 3,32032,Feltre
50,Veneto,102,Aulss Feltre,Via Bagnols Sur Ceze' 3,32032,Feltre
50,Veneto,102,Aulss Feltre,Via Bagnols Sur Ceze' 3,32032,Feltre
50,Veneto,102,Aulss Feltre,Via Bagnols Sur Ceze' 3,32032,Feltre
50,Veneto,102,Aulss Feltre,Via Bagnols Sur Ceze' 3,32032,Feltre
50,Veneto,102,Aulss Feltre,Via Bagnols Sur Ceze' 3,32032,Feltre
50,Veneto,102,Aulss Feltre,Via Bagnols Sur Ceze' 3,32032,Feltre
90,Toscana,110,Ausl Firenze,P.Zza S.Maria Nuova 1,50122,Firenze
90,Toscana,110,Ausl Firenze,P.Zza S.Maria Nuova 1,50122,Firenze
90,Toscana,110,Ausl Firenze,P.Zza S.Maria Nuova 1,50122,Firenze
90,Toscana,110,Ausl Firenze,P.Zza S.Maria Nuova 1,50122,Firenze
90,Toscana,110,Ausl Firenze,P.Zza S.Maria Nuova 1,50122,Firenze
90,Toscana,110,Ausl Firenze,P.Zza S.Maria Nuova 1,50122,Firenze
100,Umbria,103,Ausl Foligno,Piazza Giacomini 40,6034,Foligno
60,Friuli Venezia Giulia,204,As Friuli Centrale,Via Pozzuolo 330,33100,Udine
60,Friuli Venezia Giulia,204,As Friuli Centrale,Via Pozzuolo 330,33100,Udine
60,Friuli Venezia Giulia,106,As Friuli Occidentale,Via Della Vecchia Ceramica,33170,Pordenone
60,Friuli Venezia Giulia,106,As Friuli Occidentale,Via Della Vecchia Ceramica 1,33170,Pordenone
60,Friuli Venezia Giulia,106,As Friuli Occidentale,Via Della Vecchia Ceramica 1,33170,Pordenone
60,Friuli Venezia Giulia,106,As Friuli Occidentale,Via Della Vecchia Ceramica 1,33170,Pordenone
60,Friuli Venezia Giulia,106,As Friuli Occidentale,Via Della Vecchia Ceramica 1,33170,Pordenone
60,Friuli Venezia Giulia,205,As Friuli Occidentale,Via Della Vecchia Ceramica 1,33170,Pordenone
60,Friuli Venezia Giulia,205,As Friuli Occidentale,Via Della Vecchia Ceramica 1,33170,Pordenone
60,Friuli Venezia Giulia,205,As Friuli Occidentale,Via Della Vecchia Ceramica 1,33170,Pordenone
60,Friuli Venezia Giulia,205,As Friuli Occidentale,Via Della Vecchia Ceramica 1,33170,Pordenone
60,Friuli Venezia Giulia,205,As Friuli Occidentale,Via Della Vecchia Ceramica 1,33170,Pordenone
120,Lazio,112,Asl Frosinone,Viale A. Fabi Snc,3100,Frosinone
120,Lazio,112,Asl Frosinone,Viale A. Fabi Snc,3100,Frosinone
120,Lazio,112,Asl Frosinone,Viale A. Fabi Snc,3100,Frosinone
120,Lazio,112,Asl Frosinone,Viale A. Fabi Snc,3100,Frosinone
120,Lazio,112,Asl Frosinone,Viale A. Fabi Snc,3100,Frosinone
120,Lazio,112,Asl Frosinone,Viale A. Fabi Snc,3100,Frosinone
120,Lazio,112,Asl Frosinone,Viale A. Fabi Snc,3100,Frosinone
120,Lazio,112,Asl Frosinone,Viale A. Fabi Snc,3100,Frosinone
120,Lazio,112,Asl Frosinone,Viale A. Fabi Snc,3100,Frosinone
120,Lazio,112,Asl Frosinone,Viale A. Fabi Snc,3100,Frosinone
120,Lazio,112,Asl Frosinone,Viale A. Fabi Snc,3100,Frosinone
120,Lazio,112,Asl Frosinone,Viale A. Fabi Snc,3100,Frosinone
70,Liguria,103,Asl Genovese,Via G. Maggio 6,16147,Genova
70,Liguria,103,Asl Genovese,Via Bertani 4,16125,Genova
70,Liguria,103,Asl Genovese,Via Bertani 4,16125,Genova
70,Liguria,103,Asl Genovese,Via Bertani 4,16125,Genova
70,Liguria,103,Asl Genovese,Via Bertani 4,16125,Genova
70,Liguria,103,Asl Genovese,Via Bertani 4,16125,Genova
70,Liguria,103,Asl Genovese,Via Bertani 4,16125,Genova
70,Liguria,103,Asl Genovese,Via Bertani 4,16125,Genova
70,Liguria,103,Asl Genovese,Via Bertani 4,16125,Genova
70,Liguria,103,Asl Genovese,Via Bertani 4,16125,Genova
70,Liguria,103,Asl Genovese,Via Bertani 4,16125,Genova
70,Liguria,103,Asl Genovese,Via Bertani 4,16125,Genova
90,Toscana,109,Asl Grosseto,Via Monteleoni 6/B,58100,Grosseto
90,Toscana,109,Asl Grosseto,Via Cimabue 109,58100,Grosseto
90,Toscana,109,Asl Grosseto,Via Cimabue 109,58100,Grosseto
90,Toscana,109,Asl Grosseto,Via Cimabue 109,58100,Grosseto
90,Toscana,109,Asl Grosseto,Via Cimabue 109,58100,Grosseto
90,Toscana,109,Asl Grosseto,Via Cimabue 109,58100,Grosseto
70,Liguria,101,Asl Imperiese,"Via Aurelia, 97",18032,San Remo
70,Liguria,101,Asl Imperiese,Via Aurelia Ponente 97,18038,Sanremo
70,Liguria,101,Asl Imperiese,Via Aurelia Ponente 97,18038,Sanremo
70,Liguria,101,Asl Imperiese,Via Aurelia Ponente 97,18038,Sanremo
70,Liguria,101,Asl Imperiese,Via Aurelia Ponente 97,18038,San Remo
70,Liguria,101,Asl Imperiese,Via Aurelia Ponente 97,18038,San Remo
70,Liguria,101,Asl Imperiese,Via Aurelia Ponente 97,18038,San Remo
70,Liguria,101,Asl Imperiese,Via Aurelia Ponente 97,18038,San Remo
70,Liguria,101,Asl Imperiese,Via Aurelia Ponente 97,18038,San Remo
70,Liguria,101,Asl Imperiese,Via Aurelia Ponente 97,18038,San Remo
70,Liguria,101,Asl Imperiese,Via Aurelia Ponente 97,18038,San Remo
70,Liguria,101,Asl Imperiese,Via Aurelia Ponente 97,18038,San Remo
60,Friuli Venezia Giulia,102,Aas Isontina,Via Vittorio Veneto 24,34170,Gorizia
60,Friuli Venezia Giulia,102,Aas Isontina,Via Vittorio Veneto 174,34170,Gorizia
60,Friuli Venezia Giulia,102,Aas Isontina,Via Vittorio Veneto 174,34170,Gorizia
60,Friuli Venezia Giulia,102,Aas Isontina,Via Vittorio Veneto 174,34170,Gorizia
60,Friuli Venezia Giulia,102,Aas Isontina,Via Vittorio Veneto 174,34170,Gorizia
130,Abruzzo,202,Asl Lanciano-Vasto-Chieti,Via Martiri Lancianesi 19,66100,Chieti
130,Abruzzo,202,Asl Lanciano-Vasto-Chieti,Chieti  Via Martiri Lancianesi 19,66100,Chieti
200,Sardegna,104,Assl Lanusei,Via Piscinas 5,8045,Lanusei
200,Sardegna,104,Assl Lanusei,Via Piscinas 5,8045,Lanusei
200,Sardegna,104,Assl Lanusei,Via Piscinas 5,8045,Lanusei
200,Sardegna,104,Assl Lanusei,Via Piscinas 5,8045,Lanusei
200,Sardegna,104,Assl Lanusei,Via Piscinas 5,8045,Lanusei
200,Sardegna,104,Assl Lanusei,Via Piscinas 5,8045,Lanusei
200,Sardegna,104,Assl Lanusei,Via Piscinas 5,8045,Lanusei
120,Lazio,111,Ausl Latina,V.Le Pierluigi Nervi Torre 2G Snc,4100,Latina
120,Lazio,111,Ausl Latina,V.Le Pierluigi Nervi Torre 2G Snc,4100,Latina
120,Lazio,111,Ausl Latina,V.Le Pierluigi Nervi Torre 2G Snc,4100,Latina
120,Lazio,111,Ausl Latina,V.Le Pierluigi Nervi Torre 2G Snc,4100,Latina
120,Lazio,111,Ausl Latina,V.Le Pierluigi Nervi Torre 2G Snc,4100,Latina
120,Lazio,111,Ausl Latina,V.Le Pierluigi Nervi Torre 2G Snc,4100,Latina
120,Lazio,111,Ausl Latina,V.Le Pierluigi Nervi Torre 2G Snc,4100,Latina
120,Lazio,111,Ausl Latina,V.Le Pierluigi Nervi Torre 2G Snc,4100,Latina
120,Lazio,111,Ausl Latina,V.Le Pierluigi Nervi Torre 2G Snc,4100,Latina
120,Lazio,111,Ausl Latina,V.Le Pierluigi Nervi Torre 2G Snc,4100,Latina
120,Lazio,111,Ausl Latina,V.Le Pierluigi Nervi Torre 2G Snc,4100,Latina
120,Lazio,111,Ausl Latina,V.Le Pierluigi Nervi Torre 2G Snc,4100,Latina
50,Veneto,121,Asst Legnago,Via Gianella  1,37045,Legnago
50,Veneto,121,Asst Legnago,Via Gianella  1,37045,Legnago
50,Veneto,121,Asst Legnago,Via Gianella 1,37045,Legnago
50,Veneto,121,Asst Legnago,Via Gianella 1,37045,Legnago
50,Veneto,121,Asst Legnago,Via Gianella 1,37045,Legnago
50,Veneto,121,Asst Legnago,Via Gianella 1,37045,Legnago
50,Veneto,121,Asst Legnago,Via Gianella 1,37045,Legnago
90,Toscana,106,Ausl Livorno,Via Monterotondo 49,57100,Livorno
90,Toscana,106,Ausl Livorno,Via Monterotondo 49,57100,Livorno
90,Toscana,106,Ausl Livorno,Via Monterotondo 49,57100,Livorno
90,Toscana,106,Ausl Livorno,Via Monterotondo 49,57100,Livorno
90,Toscana,106,Ausl Livorno,Via Monterotondo 49,57100,Livorno
90,Toscana,106,Ausl Livorno,Via Monterotondo 49,57100,Livorno
180,Calabria,109,Asp Locri,Ctr. Verga,89044,Locri
90,Toscana,102,Ausl Lucca,V. Per S.Alessio M.S. Quiri,55100,Lucca
90,Toscana,102,Ausl Lucca,V. Per S.Alessio M.S. Quirico,55100,Lucca
90,Toscana,102,Ausl Lucca,V. Per S.Alessio M.S. Quirico 1,55100,Lucca
90,Toscana,102,Ausl Lucca,V. Per S.Alessio M.S. Quirico 1,55100,Lucca
90,Toscana,102,Ausl Lucca,V. Per S.Alessio M.S. Quirico,55100,Lucca
90,Toscana,102,Ausl Lucca,V. Per S.Alessio M.S. Quirico,55100,Lucca
90,Toscana,101,Ausl Massa Carrara,Via Don Minzoni 3,54033,Carrara
90,Toscana,101,Ausl Massa Carrara,Via Don Minzoni 3,54033,Carrara
90,Toscana,101,Ausl Massa Carrara,Via Don Minzoni 3,54033,Carrara
90,Toscana,101,Ausl Massa Carrara,Via Don Minzoni 3,54033,Carrara
90,Toscana,101,Ausl Massa Carrara,Via Don Minzoni 3,54033,Carrara
90,Toscana,101,Ausl Massa Carrara,Via Don Minzoni 3,54033,Carrara
60,Friuli Venezia Giulia,104,Aas Medio Friuli,Via Colugna 50,33100,Udine
60,Friuli Venezia Giulia,104,Aas Medio Friuli,Via Pozzuolo 330,33100,Udine
60,Friuli Venezia Giulia,104,Aas Medio Friuli,Via Pozzuolo 330,33100,Udine
60,Friuli Venezia Giulia,104,Aas Medio Friuli,Via Pozzuolo 330,33100,Udine
60,Friuli Venezia Giulia,104,Aas Medio Friuli,Via Pozzuolo 330,33100,Udine
50,Veneto,113,Asl Mirano,Via Mariutto 76,30035,Mirano
50,Veneto,113,Asl Mirano,Via Mariutto 76,30035,Mirano
50,Veneto,113,Asl Mirano,Via Mariutto 76,30035,Mirano
50,Veneto,113,Asl Mirano,Via Mariutto 76,30035,Mirano
50,Veneto,113,Asl Mirano,Via Mariutto 76,30035,Mirano
50,Veneto,113,Asl Mirano,Via Mariutto 76,30035,Mirano
50,Veneto,113,Asl Mirano,Via Mariutto 76,30035,Mirano
50,Veneto,117,Asl Monselice,Via G. Marconi 19,35043,Monselice
50,Veneto,117,Asl Monselice,Via G. Marconi 19,35043,Monselice
50,Veneto,117,Asl Monselice,Via G. Marconi 19,35043,Monselice
50,Veneto,117,Asl Monselice,Via G. Marconi 19,35043,Monselice
50,Veneto,117,Asl Monselice,Via G. Marconi 19,35043,Monselice
10,Piemonte,208,Asl Novara,Via Dei Mille 2,28100,Novara
10,Piemonte,208,Asl Novara,Via Dei Mille 2,28100,Novara
10,Piemonte,208,Asl Novara,Via Dei Mille 2,28100,Novara
10,Piemonte,208,Asl Novara,Via Dei Mille 2,28100,Novara
10,Piemonte,208,Asl Novara,Via Dei Mille 2,28100,Novara
10,Piemonte,208,Asl Novara,Via Dei Mille 2,28100,Novara
10,Piemonte,208,Asl Novara,Via Dei Mille 2,28100,Novara
10,Piemonte,208,Asl Novara,Via Dei Mille 2,28100,Novara
10,Piemonte,208,Asl Novara,Via Dei Mille 2,28100,Novara
10,Piemonte,208,Asl Novara,Via Dei Mille 2,28100,Novara
10,Piemonte,208,Asl Novara,Via Dei Mille 2,28100,Novara
10,Piemonte,208,Asl Novara,Via Dei Mille 2,28100,Novara
200,Sardegna,103,Asl Nuoro,Via A. Demurtas 1,8100,Nuoro
200,Sardegna,103,Asl Nuoro,Via A. Demurtas 1,8100,Nuoro
200,Sardegna,103,Asl Nuoro,Via A. Demurtas 1,8100,Nuoro
200,Sardegna,103,Asl Nuoro,Via A. Demurtas 1,8100,Nuoro
200,Sardegna,103,Asl Nuoro,Via A. Demurtas 1,8100,Nuoro
200,Sardegna,103,Asl Nuoro,Via A. Demurtas 1,8100,Nuoro
200,Sardegna,103,Asl Nuoro,Via A. Demurtas 1,8100,Nuoro
200,Sardegna,102,Assl Olbia,Viale Aldo Moro,7026,Olbia
200,Sardegna,102,Assl Olbia,Viale Aldo Moro,7026,Olbia
200,Sardegna,102,Assl Olbia,Viale Aldo Moro,7026,Olbia
200,Sardegna,102,Assl Olbia,Viale Aldo Moro,7026,Olbia
200,Sardegna,102,Assl Olbia,Viale Aldo Moro,7026,Olbia
200,Sardegna,102,Assl Olbia,Viale Aldo Moro,7026,Olbia
200,Sardegna,102,Assl Olbia,Viale Aldo Moro,7026,Olbia
200,Sardegna,105,Assl Oristano,Via Carducci,9170,Oristano
200,Sardegna,105,Assl Oristano,Via Carducci 35,9170,Oristano
200,Sardegna,105,Assl Oristano,Via Carducci 35,9170,Oristano
200,Sardegna,105,Assl Oristano,Via Carducci 35,9170,Oristano
200,Sardegna,105,Assl Oristano,Via Carducci 35,9170,Oristano
200,Sardegna,105,Assl Oristano,Via Carducci 35,9170,Oristano
200,Sardegna,105,Assl Oristano,Via Carducci 35,9170,Oristano
50,Veneto,116,Aulss Padova,Via E. Degli Scrovegni 14,35100,Padova
50,Veneto,116,Aulss Padova,Via E. Degli Scrovegni 14,35100,Padova
50,Veneto,116,Aulss Padova,Via E. Degli Scrovegni 14,35131,Padova
50,Veneto,116,Aulss Padova,Via E. Degli Scrovegni 14,35131,Padova
50,Veneto,116,Aulss Padova,Via E. Degli Scrovegni 14,35131,Padova
50,Veneto,116,Aulss Padova,Via E. Degli Scrovegni 14,35131,Padova
50,Veneto,116,Aulss Padova,Via E. Degli Scrovegni 14,35131,Padova
100,Umbria,102,Ausl Perugia,Via Guerra 17/21,6127,Perugia
130,Abruzzo,203,Ausl Pescara,Pescara  Via R. Paolini 47,65100,Pescara
130,Abruzzo,203,Ausl Pescara,Via R. Paolini 47,65100,Pescara
130,Abruzzo,203,Ausl Pescara,Via R. Paolini 47,65100,Pescara
130,Abruzzo,203,Ausl Pescara,Via R. Paolini 47,65100,Pescara
130,Abruzzo,203,Ausl Pescara,Pescara  Via R. Paolini 47,65100,Pescara
130,Abruzzo,203,Ausl Pescara,Pescara  Via R. Paolini 47,65100,Pescara
130,Abruzzo,203,Ausl Pescara,Pescara  Via R. Paolini 47,65100,Pescara
130,Abruzzo,203,Ausl Pescara,Pescara  Via R. Paolini 47,65100,Pescara
130,Abruzzo,203,Ausl Pescara,Pescara  Via R. Paolini 47,65100,Pescara
130,Abruzzo,203,Ausl Pescara,Pescara  Via R. Paolini 47,65100,Pescara
130,Abruzzo,203,Ausl Pescara,Pescara  Via R. Paolini 47,65100,Pescara
130,Abruzzo,203,Ausl Pescara,Pescara  Via R. Paolini 47,65100,Pescara
50,Veneto,107,Aulss Pieve Di Soligo,Via Lubin  22,31053,Pieve Di Soligo
50,Veneto,107,Aulss Pieve Di Soligo,Via Lubin  22,31053,Pieve Di Soligo
50,Veneto,107,Aulss Pieve Di Soligo,Via Lubin 16,31053,Pieve Di Soligo
50,Veneto,107,Aulss Pieve Di Soligo,Via Lubin 16,31053,Pieve Di Soligo
50,Veneto,107,Aulss Pieve Di Soligo,Via Lubin 16,31053,Pieve Di Soligo
50,Veneto,107,Aulss Pieve Di Soligo,Via Lubin 16,31053,Pieve Di Soligo
50,Veneto,107,Aulss Pieve Di Soligo,Via Lubin 16,31053,Pieve Di Soligo
90,Toscana,105,Ausl Pisa,Via Zamenhof 1,56100,Pisa
90,Toscana,105,Ausl Pisa,Via Zamenhof 1,56100,Pisa
90,Toscana,105,Ausl Pisa,Via Zamenhof 1,56100,Pisa
90,Toscana,105,Ausl Pisa,Via Zamenhof 1,56100,Pisa
90,Toscana,105,Ausl Pisa,Via Zamenhof 1,56100,Pisa
90,Toscana,105,Ausl Pisa,Via Zamenhof 1,56100,Pisa
90,Toscana,103,Ausl Pistoia,Viale Matteotti 35,51100,Pistoia
90,Toscana,103,Ausl Pistoia,Via S. Pertini 708,51100,Pistoia
90,Toscana,103,Ausl Pistoia,Via S. Pertini 708,51100,Pistoia
90,Toscana,103,Ausl Pistoia,Via S. Pertini 708,51100,Pistoia
90,Toscana,103,Ausl Pistoia,Via S. Pertini 708,51100,Pistoia
90,Toscana,103,Ausl Pistoia,Via S. Pertini 708,51100,Pistoia
90,Toscana,104,Asl Prato,Viale Della Repubblica 240,50047,Prato
90,Toscana,104,Asl Prato,Piazza Ospedale 5,59100,Prato
90,Toscana,104,Asl Prato,Piazza Ospedale 5,59100,Prato
90,Toscana,104,Asl Prato,Piazza Ospedale 5,59100,Prato
90,Toscana,104,Asl Prato,Piazza Ospedale 5,59100,Prato
90,Toscana,104,Asl Prato,Piazza Ospedale 5,59100,Prato
120,Lazio,110,Asl Rieti,Viale  Matteucci 9,2100,Rieti
120,Lazio,110,Asl Rieti,Viale  Matteucci 9,2100,Rieti
120,Lazio,110,Asl Rieti,Viale  Matteucci 9,2100,Rieti
120,Lazio,110,Asl Rieti,Viale  Matteucci 9,2100,Rieti
120,Lazio,110,Asl Rieti,Viale  Matteucci 9,2100,Rieti
120,Lazio,110,Asl Rieti,Viale  Matteucci 9,2100,Rieti
120,Lazio,110,Asl Rieti,Viale  Matteucci 9,2100,Rieti
120,Lazio,110,Asl Rieti,Viale  Matteucci 9,2100,Rieti
120,Lazio,110,Asl Rieti,Viale  Matteucci 9,2100,Rieti
120,Lazio,110,Asl Rieti,Viale  Matteucci 9,2100,Rieti
120,Lazio,110,Asl Rieti,Viale  Matteucci 9,2100,Rieti
120,Lazio,110,Asl Rieti,Viale  Matteucci 9,2100,Rieti
120,Lazio,101,Asl Roma Rm/A,Via Ariosto 3/9,185,Roma
120,Lazio,101,Asl Roma Rm/A,Via Ariosto 3/9,185,Roma
120,Lazio,101,Asl Roma Rm/A,Via Ariosto 3/9,185,Roma
120,Lazio,101,Asl Roma Rm/A,Via Ariosto 3/9,185,Roma
120,Lazio,101,Asl Roma Rm/A,Via Ariosto 3/9,185,Roma
120,Lazio,101,Asl Roma Rm/A,Via Ariosto 3/9,185,Roma
120,Lazio,102,Asl Roma Rm/B,Via Filippo Meda 35,157,Roma
120,Lazio,102,Asl Roma Rm/B,Via Filippo Meda 35,157,Roma
120,Lazio,102,Asl Roma Rm/B,Via Filippo Meda 35,157,Roma
120,Lazio,102,Asl Roma Rm/B,Via Filippo Meda 35,157,Roma
120,Lazio,102,Asl Roma Rm/B,Via Filippo Meda 35,157,Roma
120,Lazio,102,Asl Roma Rm/B,Via Filippo Meda 35,157,Roma
120,Lazio,103,Asl Roma Rm/C,Viale Dell'Arte 68,144,Roma
120,Lazio,103,Asl Roma Rm/C,Via Primo Carnera 1,142,Roma
120,Lazio,103,Asl Roma Rm/C,Via Primo Carnera 1,142,Roma
120,Lazio,103,Asl Roma Rm/C,Via Primo Carnera 1,142,Roma
120,Lazio,103,Asl Roma Rm/C,Via Primo Carnera 1,142,Roma
120,Lazio,103,Asl Roma Rm/C,Via Primo Carnera 1,142,Roma
120,Lazio,104,Asl Roma Rm/D,Via Casal Bernocchi 73,125,Roma
120,Lazio,104,Asl Roma Rm/D,Via Casal Bernocchi 73,125,Roma
120,Lazio,104,Asl Roma Rm/D,Via Casal Bernocchi 73,125,Roma
120,Lazio,104,Asl Roma Rm/D,Via Casal Bernocchi 73,125,Roma
120,Lazio,104,Asl Roma Rm/D,Via Casal Bernocchi 73,125,Roma
120,Lazio,104,Asl Roma Rm/D,Via Casal Bernocchi 73,125,Roma
120,Lazio,105,Asl Roma Rm/E,B.Go S. Spirito 3,193,Roma
120,Lazio,105,Asl Roma Rm/E,B.Go S. Spirito 3,193,Roma
120,Lazio,105,Asl Roma Rm/E,B.Go S. Spirito 3,193,Roma
120,Lazio,105,Asl Roma Rm/E,B.Go S. Spirito 3,193,Roma
120,Lazio,105,Asl Roma Rm/E,B.Go S. Spirito 3,193,Roma
120,Lazio,105,Asl Roma Rm/E,B.Go S. Spirito 3,193,Roma
120,Lazio,106,Asl Roma Rm/F,Via Delle Terme Di Traiano 39/A,53,Civitavecchia
120,Lazio,106,Asl Roma Rm/F,Via Delle Terme Di Traiano 39/A,53,Civitavecchia
120,Lazio,106,Asl Roma Rm/F,Via Delle Terme Di Traiano 39/A,53,Civitavecchia
120,Lazio,106,Asl Roma Rm/F,Via Delle Terme Di Traiano 39/A,53,Civitavecchia
120,Lazio,106,Asl Roma Rm/F,Via Delle Terme Di Traiano 39/A,53,Civitavecchia
120,Lazio,106,Asl Roma Rm/F,Via Delle Terme Di Traiano 39/A,53,Civitavecchia
120,Lazio,107,Asl Roma Rm/G,Via Tiburtina 22/A,19,Tivoli
120,Lazio,107,Asl Roma Rm/G,Via Tiburtina 22/A,19,Tivoli
120,Lazio,107,Asl Roma Rm/G,Via Tiburtina 22/A,19,Tivoli
120,Lazio,107,Asl Roma Rm/G,Via Tiburtina 22/A,19,Tivoli
120,Lazio,107,Asl Roma Rm/G,Via Tiburtina 22/A,19,Tivoli
120,Lazio,107,Asl Roma Rm/G,Via Tiburtina 22/A,19,Tivoli
120,Lazio,108,Asl Roma Rm/H,B.Go Garibaldi 12,41,Albano Laziale
120,Lazio,108,Asl Roma Rm/H,B.Go Garibaldi 12,41,Albano Laziale
120,Lazio,108,Asl Roma Rm/H,B.Go Garibaldi 12,41,Albano Laziale
120,Lazio,108,Asl Roma Rm/H,B.Go Garibaldi 12,41,Albano Laziale
120,Lazio,108,Asl Roma Rm/H,B.Go Garibaldi 12,41,Albano Laziale
120,Lazio,108,Asl Roma Rm/H,B.Go Garibaldi 12,41,Albano Laziale
120,Lazio,201,Asl Roma 1,Borgo Santo Spirito 3,193,Roma
120,Lazio,201,Asl Roma 1,Borgo Santo Spirito 3,193,Roma
120,Lazio,201,Asl Roma 1,Borgo Santo Spirito 3,193,Roma
120,Lazio,201,Asl Roma 1,Borgo Santo Spirito 3,193,Roma
120,Lazio,201,Asl Roma 1,Borgo Santo Spirito 3,193,Roma
120,Lazio,201,Asl Roma 1,Borgo Santo Spirito 3,193,Roma
120,Lazio,202,Asl Roma 2,Via Filippo Meda 35,157,Roma
120,Lazio,202,Asl Roma 2,Via Filippo Meda 35,157,Roma
120,Lazio,202,Asl Roma 2,Via Filippo Meda 35,157,Roma
120,Lazio,202,Asl Roma 2,Via Filippo Meda 35,157,Roma
120,Lazio,202,Asl Roma 2,Via Filippo Meda 35,157,Roma
120,Lazio,202,Asl Roma 2,Via Filippo Meda 35,157,Roma
120,Lazio,203,Asl Roma 3,Via Casal Bernocchi 73,125,Roma
120,Lazio,203,Asl Roma 3,Via Casal Bernocchi 73,125,Roma
120,Lazio,203,Asl Roma 3,Via Casal Bernocchi 73,125,Roma
120,Lazio,203,Asl Roma 3,Via Casal Bernocchi 73,125,Roma
120,Lazio,203,Asl Roma 3,Via Casal Bernocchi 73,125,Roma
120,Lazio,203,Asl Roma 3,Via Casal Bernocchi 73,125,Roma
120,Lazio,204,Asl Roma 4,Via Delle Terme Di Traiano 39/A,53,Civitavecchia
120,Lazio,204,Asl Roma 4,Via Delle Terme Di Traiano 39/A,53,Civitavecchia
120,Lazio,204,Asl Roma 4,Via Delle Terme Di Traiano 39/A,53,Civitavecchia
120,Lazio,204,Asl Roma 4,Via Delle Terme Di Traiano 39/A,53,Civitavecchia
120,Lazio,204,Asl Roma 4,Via Delle Terme Di Traiano 39/A,53,Civitavecchia
120,Lazio,204,Asl Roma 4,Via Delle Terme Di Traiano 39/A,53,Civitavecchia
120,Lazio,205,Asl Roma 5,Via Tiburtina 22/A,19,Tivoli
120,Lazio,205,Asl Roma 5,Via Tiburtina 22/A,19,Tivoli
120,Lazio,205,Asl Roma 5,Via Tiburtina 22/A,19,Tivoli
120,Lazio,205,Asl Roma 5,Via Tiburtina 22/A,19,Tivoli
120,Lazio,205,Asl Roma 5,Via Tiburtina 22/A,19,Tivoli
120,Lazio,205,Asl Roma 5,Via Tiburtina 22/A,19,Tivoli
120,Lazio,206,Asl Roma 6,B.Go Garibaldi 12,41,Albano Laziale
120,Lazio,206,Asl Roma 6,B.Go Garibaldi 12,41,Albano Laziale
120,Lazio,206,Asl Roma 6,B.Go Garibaldi 12,41,Albano Laziale
120,Lazio,206,Asl Roma 6,B.Go Garibaldi 12,41,Albano Laziale
120,Lazio,206,Asl Roma 6,B.Go Garibaldi 12,41,Albano Laziale
120,Lazio,206,Asl Roma 6,B.Go Garibaldi 12,41,Albano Laziale
50,Veneto,118,Aulss Rovigo,V.Le Tre Martiri 89,45100,Rovigo
50,Veneto,118,Aulss Rovigo,V.Le Tre Martiri 89,45100,Rovigo
50,Veneto,118,Aulss Rovigo,V.Le Tre Martiri 89,45100,Rovigo
50,Veneto,118,Aulss Rovigo,V.Le Tre Martiri 89,45100,Rovigo
50,Veneto,118,Aulss Rovigo,V.Le Tre Martiri 89,45100,Rovigo
50,Veneto,118,Aulss Rovigo,V.Le Tre Martiri 89,45100,Rovigo
50,Veneto,118,Aulss Rovigo,V.Le Tre Martiri 89,45100,Rovigo
50,Veneto,110,Aulss S. Dona' Di Piave,P.Zza De Gasperi  5,30027,San Dona' Di Piave
50,Veneto,110,Aulss S. Dona' Di Piave,P.Zza De Gasperi  5,30027,San Dona' Di Piave
50,Veneto,110,Aulss S. Dona' Di Piave,P.Zza De Gasperi 5,30027,San Dona' Di Piave
50,Veneto,110,Aulss S. Dona' Di Piave,P.Zza De Gasperi 5,30027,San Dona' Di Piave
50,Veneto,110,Aulss S. Dona' Di Piave,P.Zza De Gasperi 5,30027,San Dona' Di Piave
50,Veneto,110,Aulss S. Dona' Di Piave,P.Zza De Gasperi 5,30027,San Dona' Di Piave
50,Veneto,110,Aulss S. Dona' Di Piave,P.Zza De Gasperi 5,30027,San Dona' Di Piave
200,Sardegna,106,Assl Sanluri,Via Ungaretti Sn,9036,Sanluri
200,Sardegna,106,Assl Sanluri,Via Ungaretti Sn,9036,Sanluri
200,Sardegna,106,Assl Sanluri,Via Ungaretti Sn,9036,Sanluri
200,Sardegna,106,Assl Sanluri,Via Ungaretti Sn,9036,Sanluri
200,Sardegna,106,Assl Sanluri,Via Ungaretti Sn,9036,Sanluri
200,Sardegna,106,Assl Sanluri,Via Ungaretti Snc,9036,Sanluri
200,Sardegna,106,Assl Sanluri,Via Ungaretti Sn,9036,Sanluri
200,Sardegna,101,Asl Sassari,Via Zanfarino 44,7100,Sassari
200,Sardegna,101,Asl Sassari,Via Catalocchino 8,7100,Sassari
200,Sardegna,101,Asl Sassari,Via Catalocchino 8,7100,Sassari
200,Sardegna,101,Asl Sassari,Via Catalocchino 8,7100,Sassari
200,Sardegna,101,Asl Sassari,Via Catalocchino 8,7100,Sassari
200,Sardegna,101,Asl Sassari,Via Catalocchino 8,7100,Sassari
200,Sardegna,101,Asl Sassari,Via Catalocchino 8,7100,Sassari
70,Liguria,102,Asl Savonese,Via Paleocapa 22,17100,Savona
70,Liguria,102,Asl Savonese,Via Manzoni 14,17100,Savona
70,Liguria,102,Asl Savonese,Via Manzoni 14,17100,Savona
70,Liguria,102,Asl Savonese,Via Manzoni 14,17100,Savona
70,Liguria,102,Asl Savonese,Via Manzoni 14,17100,Savona
70,Liguria,102,Asl Savonese,Via Manzoni 14,17100,Savona
70,Liguria,102,Asl Savonese,Via Manzoni 14,17100,Savona
70,Liguria,102,Asl Savonese,Via Manzoni 14,17100,Savona
70,Liguria,102,Asl Savonese,Via Manzoni 14,17100,Savona
70,Liguria,102,Asl Savonese,Via Manzoni 14,17100,Savona
70,Liguria,102,Asl Savonese,Via Manzoni 14,17100,Savona
70,Liguria,102,Asl Savonese,Via Manzoni 14,17100,Savona
90,Toscana,107,Ausl Siena,Via Roma 75/76,53100,Siena
90,Toscana,107,Ausl Siena,Via Roma 75/76,53100,Siena
90,Toscana,107,Ausl Siena,Via Roma 75/76,53100,Siena
90,Toscana,107,Ausl Siena,Via Roma 75/76,53100,Siena
90,Toscana,107,Ausl Siena,Via Roma 75/76,53100,Siena
90,Toscana,107,Ausl Siena,Via Roma 75/76,53100,Siena
70,Liguria,105,Asl Spezzino,Via Xxiv Maggio 139,19124,La Spezia
70,Liguria,105,Asl Spezzino,Via Xxiv Maggio 139,19124,La Spezia
70,Liguria,105,Asl Spezzino,Via Xxiv Maggio 139,19124,La Spezia
70,Liguria,105,Asl Spezzino,Via Xxiv Maggio 139,19124,La Spezia
70,Liguria,105,Asl Spezzino,Via Xxiv Maggio 139,19124,La Spezia
70,Liguria,105,Asl Spezzino,Via Xxiv Maggio 139,19124,La Spezia
70,Liguria,105,Asl Spezzino,Via Xxiv Maggio 139,19124,La Spezia
70,Liguria,105,Asl Spezzino,Via Xxiv Maggio 139,19124,La Spezia
70,Liguria,105,Asl Spezzino,Via Xxiv Maggio 139,19124,La Spezia
70,Liguria,105,Asl Spezzino,Via Xxiv Maggio 139,19124,La Spezia
70,Liguria,105,Asl Spezzino,Via Xxiv Maggio 139,19124,La Spezia
70,Liguria,105,Asl Spezzino,Via Xxiv Maggio 139,19124,La Spezia
130,Abruzzo,204,Asl Teramo,Teramo  Circ.Ne Ragusa 1,64100,Teramo
130,Abruzzo,204,Asl Teramo,Circ.Ne Ragusa 1,64100,Teramo
130,Abruzzo,204,Asl Teramo,Circ.Ne Ragusa 1,64100,Teramo
130,Abruzzo,204,Asl Teramo,Circ.Ne Ragusa 1,64100,Teramo
130,Abruzzo,204,Asl Teramo,Teramo  Circ.Ne Ragusa 1,64100,Teramo
130,Abruzzo,204,Asl Teramo,Teramo  Circ.Ne Ragusa 1,64100,Teramo
130,Abruzzo,204,Asl Teramo,Teramo  Circ.Ne Ragusa 1,64100,Teramo
130,Abruzzo,204,Asl Teramo,Teramo  Circ.Ne Ragusa 1,64100,Teramo
130,Abruzzo,204,Asl Teramo,Teramo  Circ.Ne Ragusa 1,64100,Teramo
130,Abruzzo,204,Asl Teramo,Teramo  Circ.Ne Ragusa 1,64100,Teramo
130,Abruzzo,204,Asl Teramo,Teramo  Circ.Ne Ragusa 1,64100,Teramo
130,Abruzzo,204,Asl Teramo,Teramo  Circ.Ne Ragusa 1,64100,Teramo
100,Umbria,204,Usl Terni,Via Bramante 37,5100,Terni
50,Veneto,104,Aulss Thiene,Via Rasa  9,36016,Thiene
50,Veneto,104,Aulss Thiene,Via Rasa  9,36016,Thiene
50,Veneto,104,Aulss Thiene,Via Rasa  9,36016,Thiene
50,Veneto,104,Aulss Thiene,Via Rasa  9,36016,Thiene
50,Veneto,104,Aulss Thiene,Via Rasa  9,36016,Thiene
50,Veneto,104,Aulss Thiene,Via Rasa  9,36016,Thiene
50,Veneto,104,Aulss Thiene,Via Rasa  9,36016,Thiene
10,Piemonte,201,Asl To1,Via S.Secondo 29,10128,Torino
10,Piemonte,201,Asl To1,Via S.Secondo 29,10128,Torino
10,Piemonte,201,Asl To1,Via S.Secondo 29,10128,Torino
10,Piemonte,201,Asl To1,Via S.Secondo 29,10128,Torino
10,Piemonte,201,Asl To1,Via S.Secondo 29,10128,Torino
10,Piemonte,201,Asl To1,Via S.Secondo 29,10128,Torino
10,Piemonte,201,Asl To1,Via S.Secondo 29,10128,Torino
10,Piemonte,202,Asl To2,Corso Svizzera 164,10149,Torino
10,Piemonte,202,Asl To2,Corso Svizzera 164,10149,Torino
10,Piemonte,202,Asl To2,Corso Svizzera 164,10149,Torino
10,Piemonte,202,Asl To2,Corso Svizzera 164,10149,Torino
10,Piemonte,202,Asl To2,Corso Svizzera 164,10149,Torino
10,Piemonte,202,Asl To2,Corso Svizzera 164,10149,Torino
10,Piemonte,202,Asl To2,Corso Svizzera 164,10149,Torino
10,Piemonte,203,Asl To3,Via Martiri Xxx Aprile 30,10093,Collegno
10,Piemonte,203,Asl To3,Via Martiri Xxx Aprile 30,10093,Collegno
10,Piemonte,203,Asl To3,Via Martiri Xxx Aprile 30,10093,Collegno
10,Piemonte,203,Asl To3,Via Martiri Xxx Aprile 30,10093,Collegno
10,Piemonte,203,Asl To3,Via Martiri Xxx Aprile 30,10093,Collegno
10,Piemonte,203,Asl To3,Via Martiri Xxx Aprile 30,10093,Collegno
10,Piemonte,203,Asl To3,Via Martiri Xxx Aprile 30,10093,Collegno
10,Piemonte,203,Asl To3,Via Martiri Xxx Aprile 30,10093,Collegno
10,Piemonte,203,Asl To3,Via Martiri Xxx Aprile 30,10093,Collegno
10,Piemonte,203,Asl To3,Via Martiri Xxx Aprile 30,10093,Collegno
10,Piemonte,203,Asl To3,Via Martiri Xxx Aprile 30,10093,Collegno
10,Piemonte,203,Asl To3,Via Martiri Xxx Aprile 30,10093,Collegno
10,Piemonte,204,Asl To4,Via Po 11,10034,Chivasso
10,Piemonte,204,Asl To4,Via Po 11,10034,Chivasso
10,Piemonte,204,Asl To4,Via Po 11,10034,Chivasso
10,Piemonte,204,Asl To4,Via Po 11,10034,Chivasso
10,Piemonte,204,Asl To4,Via Po 11,10034,Chivasso
10,Piemonte,204,Asl To4,Via Po 11,10034,Chivasso
10,Piemonte,204,Asl To4,Via Po 11,10034,Chivasso
10,Piemonte,204,Asl To4,Via Po 11,10034,Chivasso
10,Piemonte,204,Asl To4,Via Po 11,10034,Chivasso
10,Piemonte,204,Asl To4,Via Po 11,10034,Chivasso
10,Piemonte,204,Asl To4,Via Po 11,10034,Chivasso
10,Piemonte,204,Asl To4,Via Po 11,10034,Chivasso
10,Piemonte,205,Asl To5,Via San Domenico 21,10023,Chieri
10,Piemonte,205,Asl To5,Via San Domenico 21,10023,Chieri
10,Piemonte,205,Asl To5,Via San Domenico 21,10023,Chieri
10,Piemonte,205,Asl To5,Via San Domenico 21,10023,Chieri
10,Piemonte,205,Asl To5,Via San Domenico 21,10023,Chieri
10,Piemonte,205,Asl To5,Via San Domenico 21,10023,Chieri
10,Piemonte,205,Asl To5,Via San Domenico 21,10023,Chieri
10,Piemonte,205,Asl To5,Via San Domenico 21,10023,Chieri
10,Piemonte,205,Asl To5,Via San Domenico 21,10023,Chieri
10,Piemonte,205,Asl To5,Via San Domenico 21,10023,Chieri
10,Piemonte,205,Asl To5,Via San Domenico 21,10023,Chieri
10,Piemonte,205,Asl To5,Via San Domenico 21,10023,Chieri
42,Prov. Auton. Trento,101,Apss Trento,"Via De Gasperi, 79",38100,Trento
42,Prov. Auton. Trento,101,Apss Trento,Via De Gasperi 79,38100,Trento
42,Prov. Auton. Trento,101,Apss Trento,Via De Gasperi 79,38100,Trento
42,Prov. Auton. Trento,101,Apss Trento,Via De Gasperi 79,38100,Trento
42,Prov. Auton. Trento,101,Apss Trento,Via De Gasperi 79,38100,Trento
42,Prov. Auton. Trento,101,Apss Trento,Via De Gasperi 79,38100,Trento
42,Prov. Auton. Trento,101,Apss Trento,Via De Gasperi 79,38100,Trento
42,Prov. Auton. Trento,101,Apss Trento,Via De Gasperi 79,38100,Trento
42,Prov. Auton. Trento,101,Apss Trento,Via De Gasperi 79,38100,Trento
42,Prov. Auton. Trento,101,Apss Trento,Via De Gasperi 79,38100,Trento
42,Prov. Auton. Trento,101,Apss Trento,Via De Gasperi 79,38100,Trento
42,Prov. Auton. Trento,101,Apss Trento,Via De Gasperi 79,38100,Trento
50,Veneto,109,Aulss Treviso,Borgo Cavalli  42,31100,Treviso
50,Veneto,109,Aulss Treviso,Borgo Cavalli  42,31100,Treviso
50,Veneto,109,Aulss Treviso,Borgo Cavalli 42,31100,Treviso
50,Veneto,109,Aulss Treviso,Borgo Cavalli 42,31100,Treviso
50,Veneto,109,Aulss Treviso,Borgo Cavalli 42,31100,Treviso
50,Veneto,109,Aulss Treviso,Borgo Cavalli 42,31100,Treviso
50,Veneto,109,Aulss Treviso,Borgo Cavalli 42,31100,Treviso
60,Friuli Venezia Giulia,101,Asu Triestina,Via Del Farneto 3,34142,Trieste
60,Friuli Venezia Giulia,101,Asu Triestina,Via Sai 1,34128,Trieste
60,Friuli Venezia Giulia,101,Asu Triestina,Via Giovanni Sai 1-3,34128,Trieste
60,Friuli Venezia Giulia,101,Asu Triestina,Via Giovanni Sai 1-3,34128,Trieste
60,Friuli Venezia Giulia,101,Asu Triestina,Via Giovanni Sai 1-3,34128,Trieste
60,Friuli Venezia Giulia,201,Asu Triestina,Via Giovanni Sai 1-3,34128,Trieste
60,Friuli Venezia Giulia,201,Asu Triestina,Via Giovanni Sai 1-3,34128,Trieste
100,Umbria,102,Usl 2 - Perugia,Via Guerra 17/21,6127,Perugia
100,Umbria,102,Usl 2 - Perugia,Via Guerra 17/21,6127,Perugia
10,Piemonte,206,Asl Vercelli,C.So Mario Abbiate 21,13100,Vercelli
10,Piemonte,206,Asl Vercelli,C.So Mario Abbiate 21,13100,Vercelli
10,Piemonte,206,Asl Vercelli,C.So Mario Abbiate 21,13100,Vercelli
10,Piemonte,206,Asl Vercelli,C.So Mario Abbiate 21,13100,Vercelli
10,Piemonte,206,Asl Vercelli,C.So Mario Abbiate 21,13100,Vercelli
10,Piemonte,206,Asl Vercelli,C.So Mario Abbiate 21,13100,Vercelli
10,Piemonte,206,Asl Vercelli,C.So Mario Abbiate 21,13100,Vercelli
10,Piemonte,206,Asl Vercelli,C.So Mario Abbiate 21,13100,Vercelli
10,Piemonte,206,Asl Vercelli,C.So Mario Abbiate 21,13100,Vercelli
10,Piemonte,206,Asl Vercelli,C.So Mario Abbiate 21,13100,Vercelli
10,Piemonte,206,Asl Vercelli,C.So Mario Abbiate 21,13100,Vercelli
10,Piemonte,206,Asl Vercelli,C.So Mario Abbiate 21,13100,Vercelli
10,Piemonte,209,Asl Vco,Via Mazzini 117,28887,Omegna
10,Piemonte,209,Asl Vco,Via Mazzini 117,28887,Omegna
10,Piemonte,209,Asl Vco,Via Mazzini 117,28887,Omegna
10,Piemonte,209,Asl Vco,Via Mazzini 117,28887,Omegna
10,Piemonte,209,Asl Vco,Via Mazzini 117,28887,Omegna
10,Piemonte,209,Asl Vco,Via Mazzini 117,28887,Omegna
10,Piemonte,209,Asl Vco,Via Mazzini 117,28887,Omegna
10,Piemonte,209,Asl Vco,Via Mazzini 117,28887,Omegna
10,Piemonte,209,Asl Vco,Via Mazzini 117,28887,Omegna
10,Piemonte,209,Asl Vco,Via Mazzini 117,28887,Omegna
10,Piemonte,209,Asl Vco,Via Mazzini 117,28887,Omegna
10,Piemonte,209,Asl Vco,Via Mazzini 117,28887,Omegna
50,Veneto,112,Aulss Veneziana,Via Don Tosatto 147,30174,Venezia
50,Veneto,112,Aulss Veneziana,Via Don Tosatto 147,30174,Venezia
50,Veneto,112,Aulss Veneziana,Via Don Federico Tosatto 147,30174,Venezia
50,Veneto,112,Aulss Veneziana,Via Don Federico Tosatto 147,30174,Venezia
50,Veneto,112,Aulss Veneziana,Via Don Federico Tosatto 147,30174,Venezia
50,Veneto,112,Aulss Veneziana,Via Don Federico Tosatto 147,30174,Venezia
50,Veneto,112,Aulss Veneziana,Via Don Federico Tosatto 147,30174,Venezia
50,Veneto,120,Aulss Verona,Via Valverde  42,37122,Verona
50,Veneto,120,Aulss Verona,Via Valverde  42,37122,Verona
50,Veneto,120,Aulss Verona,Via Valverde 42,37122,Verona
50,Veneto,120,Aulss Verona,Via Valverde 42,37122,Verona
50,Veneto,120,Aulss Verona,Via Valverde 42,37122,Verona
50,Veneto,120,Aulss Verona,Via Valverde 42,37122,Verona
50,Veneto,120,Aulss Verona,Via Valverde 42,37122,Verona
90,Toscana,112,Usl Versilia,Via Vetraia 5,55049,Viareggio
90,Toscana,112,Usl Versilia,Via Aurelia 335,55043,Camaiore
90,Toscana,112,Usl Versilia,Via Aurelia 335,55043,Camaiore
90,Toscana,112,Usl Versilia,Via Aurelia 335,55043,Camaiore
90,Toscana,112,Usl Versilia,Via Aurelia 335,55043,Camaiore
90,Toscana,112,Usl Versilia,Via Aurelia 335,55043,Camaiore
50,Veneto,106,Ulss Vicenza,V.Le Rodolfi 37,36100,Vicenza
50,Veneto,106,Ulss Vicenza,V.Le Rodolfi 37,36100,Vicenza
50,Veneto,106,Ulss Vicenza,V.Le Rodolfi 37,36100,Vicenza
50,Veneto,106,Ulss Vicenza,V.Le Rodolfi 37,36100,Vicenza
50,Veneto,106,Ulss Vicenza,V.Le Rodolfi 37,36100,Vicenza
50,Veneto,106,Ulss Vicenza,V.Le Rodolfi 37,36100,Vicenza
50,Veneto,106,Ulss Vicenza,V.Le Rodolfi 37,36100,Vicenza
120,Lazio,109,Asl Viterbo,Via Enrico Fermi 15,1100,Viterbo
120,Lazio,109,Asl Viterbo,Via Enrico Fermi 15,1100,Viterbo
120,Lazio,109,Asl Viterbo,Via Enrico Fermi 15,1100,Viterbo
120,Lazio,109,Asl Viterbo,Via Enrico Fermi 15,1100,Viterbo
120,Lazio,109,Asl Viterbo,Via Enrico Fermi 15,1100,Viterbo
120,Lazio,109,Asl Viterbo,Via Enrico Fermi 15,1100,Viterbo
120,Lazio,109,Asl Viterbo,Via Enrico Fermi 15,1100,Viterbo
120,Lazio,109,Asl Viterbo,Via Enrico Fermi 15,1100,Viterbo
120,Lazio,109,Asl Viterbo,Via Enrico Fermi 15,1100,Viterbo
120,Lazio,109,Asl Viterbo,Via Enrico Fermi 15,1100,Viterbo
120,Lazio,109,Asl Viterbo,Via Enrico Fermi 15,1100,Viterbo
120,Lazio,109,Asl Viterbo,Via Enrico Fermi 15,1100,Viterbo
